0.01,0.72,0,2.65,2.91,2.78
0.02,1.47,4.6,10.78,11.06,10.92
0.03,2.21,7.67,21.95,22.19,22.07
0.04,2.95,16.87,34.73,34.9,34.82
0.05,3.67,36.82,48.31,48.42,48.37
0.06,4.38,50.62,62.21,62.28,62.24
0.07,5.08,64.43,76.15,76.18,76.16
0.08,5.75,70.56,89.94,89.94,89.94
0.09,6.4,90.5,103.46,103.45,103.45
0.1,7.02,99.71,116.61,116.59,116.6
0.11,7.62,118.12,129.34,129.31,129.32
0.12,8.19,134.99,141.56,141.53,141.54
0.13,8.72,147.26,153.24,153.2,153.22
0.14,9.22,153.4,164.32,164.27,164.29
0.15,9.69,171.81,174.75,174.69,174.72
0.16,10.11,185.61,184.49,184.43,184.46
0.17,10.5,196.35,193.5,193.44,193.47
0.18,10.84,197.88,201.75,201.68,201.72
0.19,11.14,207.09,209.2,209.14,209.17
0.2,11.4,228.56,215.83,215.76,215.8
0.21,11.61,223.96,221.61,221.54,221.57
0.22,11.78,230.1,226.51,226.44,226.47
0.23,11.9,220.89,230.52,230.44,230.48
0.24,11.97,236.23,233.62,233.54,233.58
0.25,12,240.83,235.8,235.72,235.76
0.26,11.98,242.37,237.05,236.96,237
0.27,11.91,242.37,237.36,237.27,237.31
0.28,11.79,245.44,236.73,236.65,236.69
0.29,11.63,245.44,235.17,235.09,235.13
0.3,11.42,245.44,232.68,232.6,232.64
0.31,11.17,262.31,229.28,229.19,229.23
0.32,10.87,234.7,224.97,224.88,224.92
0.33,10.53,230.1,219.77,219.69,219.73
0.34,10.15,225.5,213.7,213.62,213.66
0.35,9.73,210.16,206.79,206.71,206.75
0.36,9.27,202.49,199.06,198.99,199.03
0.37,8.77,199.42,190.55,190.48,190.52
0.38,8.24,184.08,181.29,181.22,181.26
0.39,7.68,176.41,171.31,171.25,171.28
0.4,7.08,167.2,160.66,160.59,160.63
0.41,6.46,154.93,149.37,149.31,149.34
0.42,5.81,138.06,137.49,137.43,137.46
0.43,5.14,127.32,125.07,125.02,125.04
0.44,4.45,113.51,112.15,112.11,112.13
0.45,3.74,92.04,98.8,98.75,98.78
0.46,3.02,79.77,85.05,85.01,85.03
0.47,2.29,65.96,70.97,70.93,70.95
0.48,1.54,53.69,56.61,56.58,56.59
0.49,0.79,38.35,42.02,42,42.01
0.5,0.04,21.48,27.27,27.25,27.26
0.51,-0.72,6.14,12.41,12.39,12.4
0.52,-1.47,-6.14,-2.5,-2.51,-2.51
0.53,-2.21,-15.34,-17.4,-17.4,-17.4
0.54,-2.95,-32.21,-32.23,-32.23,-32.23
0.55,-3.67,-41.42,-46.93,-46.93,-46.93
0.56,-4.38,-52.16,-61.45,-61.44,-61.45
0.57,-5.08,-65.96,-75.73,-75.71,-75.72
0.58,-5.75,-78.23,-89.71,-89.68,-89.69
0.59,-6.4,-96.64,-103.33,-103.3,-103.31
0.6,-7.02,-69.03,-116.54,-116.51,-116.53
0.61,-7.62,-122.72,-129.3,-129.26,-129.28
0.62,-8.19,-138.06,-141.54,-141.5,-141.52
0.63,-8.72,-148.8,-153.23,-153.18,-153.21
0.64,-9.22,-162.6,-164.31,-164.26,-164.28
0.65,-9.69,-173.34,-174.74,-174.69,-174.71
0.66,-10.11,-181.01,-184.49,-184.43,-184.46
0.67,-10.5,-190.21,-193.5,-193.44,-193.47
0.68,-10.84,-168.74,-201.75,-201.69,-201.72
0.69,-11.14,-207.09,-209.21,-209.14,-209.17
0.7,-11.4,-214.76,-215.84,-215.76,-215.8
0.71,-11.61,-223.96,-221.61,-221.54,-221.58
0.72,-11.78,-230.1,-226.52,-226.44,-226.48
0.73,-11.9,-234.7,-230.52,-230.44,-230.48
0.74,-11.97,-237.77,-233.62,-233.54,-233.58
0.75,-12,-239.3,-235.8,-235.72,-235.76
0.76,-11.98,-257.71,-237.05,-236.96,-237
0.77,-11.91,-242.37,-237.36,-237.27,-237.31
0.78,-11.79,-242.37,-236.73,-236.65,-236.69
0.79,-11.63,-191.75,-235.17,-235.08,-235.13
0.8,-11.42,-239.3,-232.68,-232.6,-232.64
0.81,-11.17,-236.23,-229.27,-229.19,-229.23
0.82,-10.87,-233.17,-224.96,-224.88,-224.92
0.83,-10.53,-225.5,-219.76,-219.68,-219.72
0.84,-10.15,-222.43,-213.69,-213.61,-213.65
0.85,-9.73,-208.62,-206.78,-206.7,-206.74
0.86,-9.27,-205.55,-199.05,-198.98,-199.02
0.87,-8.77,-191.75,-190.54,-190.47,-190.5
0.88,-8.24,-187.15,-181.28,-181.21,-181.24
0.89,-7.68,-174.87,-171.3,-171.23,-171.26
0.9,-7.08,-162.6,-160.64,-160.58,-160.61
0.91,-6.46,-165.67,-149.35,-149.29,-149.32
0.92,-5.81,-138.06,-137.47,-137.41,-137.44
0.93,-5.14,-128.85,-125.05,-124.99,-125.02
0.94,-4.45,-113.51,-112.13,-112.08,-112.11
0.95,-3.74,-98.17,-98.77,-98.73,-98.75
0.96,-3.02,-84.37,-85.02,-84.99,-85
0.97,-2.28,-55.22,-70.94,-70.91,-70.92
0.98,-1.54,-53.69,-56.57,-56.55,-56.56
0.99,-0.79,-39.88,-41.99,-41.96,-41.98
1,-0.04,-23.01,-27.23,-27.22,-27.23
1.01,0.72,-12.27,-12.37,-12.36,-12.37
1.02,1.47,0,2.53,2.54,2.54
1.03,2.21,9.2,17.43,17.43,17.43
1.04,2.95,18.41,32.26,32.26,32.26
1.05,3.67,36.82,46.96,46.95,46.96
1.06,4.38,52.16,61.48,61.47,61.47
1.07,5.08,67.5,75.75,75.73,75.74
1.08,5.75,76.7,89.73,89.7,89.72
1.09,6.4,92.04,103.35,103.32,103.33
1.1,7.02,107.38,116.56,116.53,116.54
1.11,7.62,118.12,129.31,129.28,129.29
1.12,8.19,138.06,141.56,141.51,141.53
1.13,8.72,151.86,153.24,153.19,153.22
1.14,9.22,165.67,164.32,164.27,164.29
1.15,9.69,176.41,174.75,174.7,174.72
1.16,10.11,182.54,184.49,184.43,184.46
1.17,10.5,184.08,193.51,193.44,193.47
1.18,10.84,200.95,201.76,201.69,201.72
1.19,11.14,213.22,209.21,209.14,209.17
1.2,11.4,208.62,215.84,215.76,215.8
1.21,11.61,219.36,221.61,221.54,221.58
1.22,11.78,227.03,226.52,226.44,226.48
1.23,11.9,246.97,230.52,230.44,230.48
1.24,11.97,237.77,233.62,233.54,233.58
1.25,12,237.77,235.8,235.72,235.76
1.26,11.98,239.3,237.05,236.96,237
1.27,11.91,239.3,237.36,237.27,237.31
1.28,11.79,233.17,236.73,236.65,236.69
1.29,11.63,236.23,235.17,235.09,235.13
1.3,11.42,237.77,232.68,232.6,232.64
1.31,11.17,231.63,229.28,229.19,229.23
1.32,10.87,230.1,224.97,224.88,224.92
1.33,10.53,228.56,219.77,219.69,219.73
1.34,10.15,214.76,213.7,213.62,213.66
1.35,9.73,208.62,206.79,206.72,206.75
1.36,9.27,196.35,199.07,198.99,199.03
1.37,8.77,193.28,190.56,190.49,190.52
1.38,8.24,191.75,181.29,181.23,181.26
1.39,7.68,171.81,171.32,171.25,171.28
1.4,7.08,154.93,160.66,160.6,160.63
1.41,6.46,147.26,149.38,149.32,149.35
1.42,5.81,139.59,137.5,137.44,137.47
1.43,5.14,127.32,125.08,125.03,125.05
1.44,4.45,111.98,112.17,112.12,112.14
1.45,3.74,98.17,98.81,98.77,98.79
1.46,3.02,79.77,85.06,85.03,85.04
1.47,2.29,65.96,70.98,70.95,70.97
1.48,1.54,52.16,56.62,56.59,56.61
1.49,0.79,36.82,42.04,42.01,42.02
1.5,0.04,29.15,27.28,27.27,27.28
1.51,-0.71,9.2,12.43,12.41,12.42
1.52,-1.47,-9.2,-2.48,-2.49,-2.48
1.53,-2.21,-23.01,-17.38,-17.38,-17.38
1.54,-2.95,-24.54,-32.21,-32.21,-32.21
1.55,-3.67,-39.88,-46.91,-46.9,-46.91
1.56,-4.38,-52.16,-61.43,-61.41,-61.42
1.57,-5.07,-64.43,-75.7,-75.68,-75.69
1.58,-5.75,-76.7,-89.68,-89.65,-89.67
1.59,-6.4,-87.44,-103.3,-103.27,-103.29
1.6,-7.02,-101.24,-116.51,-116.48,-116.5
1.61,-7.62,-121.18,-129.27,-129.23,-129.25
1.62,-8.19,-131.92,-141.51,-141.47,-141.49
1.63,-8.72,-145.73,-153.2,-153.15,-153.18
1.64,-9.22,-158,-164.28,-164.23,-164.25
1.65,-9.68,-170.27,-174.71,-174.66,-174.69
1.66,-10.11,-182.54,-184.46,-184.4,-184.43
1.67,-10.5,-194.82,-193.47,-193.41,-193.44
1.68,-10.84,-194.82,-201.73,-201.66,-201.69
1.69,-11.14,-208.62,-209.18,-209.11,-209.15
1.7,-11.4,-213.22,-215.81,-215.74,-215.78
1.71,-11.61,-222.43,-221.59,-221.52,-221.56
1.72,-11.78,-227.03,-226.5,-226.42,-226.46
1.73,-11.9,-231.63,-230.51,-230.43,-230.47
1.74,-11.97,-223.96,-233.61,-233.53,-233.57
1.75,-12,-236.23,-235.79,-235.71,-235.75
1.76,-11.98,-239.3,-237.04,-236.96,-237
1.77,-11.91,-246.97,-237.36,-237.27,-237.31
1.78,-11.79,-239.3,-236.73,-236.65,-236.69
1.79,-11.63,-236.23,-235.18,-235.09,-235.14
1.8,-11.42,-236.23,-232.69,-232.61,-232.65
1.81,-11.17,-230.1,-229.29,-229.21,-229.25
1.82,-10.88,-208.62,-224.98,-224.9,-224.94
1.83,-10.54,-223.96,-219.79,-219.71,-219.75
1.84,-10.15,-220.89,-213.73,-213.65,-213.69
1.85,-9.73,-208.62,-206.82,-206.74,-206.78
1.86,-9.27,-200.95,-199.1,-199.02,-199.06
1.87,-8.78,-199.42,-190.59,-190.52,-190.55
1.88,-8.24,-181.01,-181.33,-181.26,-181.29
1.89,-7.68,-171.81,-171.35,-171.29,-171.32
1.9,-7.09,-164.14,-160.7,-160.64,-160.67
1.91,-6.46,-153.4,-149.42,-149.36,-149.39
1.92,-5.82,-130.39,-137.54,-137.49,-137.51
1.93,-5.15,-125.79,-125.12,-125.07,-125.1
1.94,-4.46,-113.51,-112.21,-112.17,-112.19
1.95,-3.75,-98.17,-98.86,-98.82,-98.84
1.96,-3.02,-81.3,-85.11,-85.08,-85.1
1.97,-2.29,-67.5,-71.03,-71,-71.02
1.98,-1.55,-69.03,-56.67,-56.65,-56.66
1.99,-0.8,-35.28,-42.09,-42.07,-42.08
2,-0.04,-16.87,-27.34,-27.32,-27.33
2.01,0.71,-4.6,-12.48,-12.47,-12.47
2.02,1.46,4.6,2.43,2.43,2.43
2.03,2.21,15.34,17.33,17.33,17.33
2.04,2.94,32.21,32.15,32.15,32.15
2.05,3.67,39.88,46.86,46.85,46.85
2.06,4.38,49.09,61.38,61.36,61.37
2.07,5.07,70.56,75.65,75.63,75.64
2.08,5.74,78.23,89.63,89.6,89.62
2.09,6.39,93.57,103.25,103.22,103.24
2.1,7.02,108.91,116.47,116.43,116.45
2.11,7.62,122.72,129.22,129.19,129.2
2.12,8.18,136.52,141.47,141.43,141.45
2.13,8.72,161.07,153.16,153.11,153.13
2.14,9.22,162.6,164.24,164.19,164.22
2.15,9.68,170.27,174.68,174.62,174.65
2.16,10.11,184.08,184.42,184.36,184.39
2.17,10.49,196.35,193.44,193.38,193.41
2.18,10.84,199.42,201.7,201.63,201.66
2.19,11.14,211.69,209.16,209.09,209.12
2.2,11.4,219.36,215.79,215.72,215.76
2.21,11.61,222.43,221.58,221.5,221.54
2.22,11.78,228.56,226.48,226.41,226.44
2.23,11.9,230.1,230.5,230.42,230.46
2.24,11.97,231.63,233.6,233.52,233.56
2.25,12,236.23,235.79,235.7,235.75
2.26,11.98,240.83,237.04,236.96,237
2.27,11.91,245.44,237.36,237.27,237.31
2.28,11.8,245.44,236.74,236.65,236.7
2.29,11.63,240.83,235.19,235.1,235.14
2.3,11.43,274.58,232.7,232.62,232.66
2.31,11.17,237.77,229.3,229.22,229.26
2.32,10.88,234.7,225,224.92,224.96
2.33,10.54,243.9,219.81,219.73,219.77
2.34,10.16,222.43,213.75,213.67,213.71
2.35,9.73,216.29,206.85,206.77,206.81
2.36,9.27,202.49,199.13,199.05,199.09
2.37,8.78,197.88,190.62,190.55,190.59
2.38,8.25,185.61,181.36,181.3,181.33
2.39,7.68,170.27,171.39,171.33,171.36
2.4,7.09,165.67,160.74,160.68,160.71
2.41,6.47,153.4,149.46,149.4,149.43
2.42,5.82,141.13,137.59,137.53,137.56
2.43,5.15,122.72,125.17,125.12,125.14
2.44,4.46,111.98,112.26,112.21,112.24
2.45,3.75,93.57,98.91,98.87,98.89
2.46,3.03,82.83,85.16,85.13,85.15
2.47,2.29,67.5,71.09,71.05,71.07
2.48,1.55,55.22,56.73,56.7,56.71
2.49,0.8,36.82,42.14,42.12,42.13
2.5,0.04,23.01,27.39,27.37,27.38
2.51,-0.71,13.81,12.53,12.52,12.53
2.52,-1.46,-4.6,-2.37,-2.38,-2.38
2.53,-2.2,-13.81,-17.27,-17.27,-17.27
2.54,-2.94,-18.41,-32.1,-32.1,-32.1
2.55,-3.67,-35.28,-46.8,-46.8,-46.8
2.56,-4.38,-55.22,-61.32,-61.31,-61.32
2.57,-5.07,-65.96,-75.6,-75.58,-75.59
2.58,-5.74,-82.83,-89.58,-89.55,-89.57
2.59,-6.39,-95.11,-103.2,-103.17,-103.19
2.6,-7.02,-105.84,-116.42,-116.39,-116.4
2.61,-7.61,-119.65,-129.18,-129.14,-129.16
2.62,-8.18,-133.46,-141.43,-141.38,-141.4
2.63,-8.72,-147.26,-153.12,-153.07,-153.09
2.64,-9.22,-159.53,-164.2,-164.15,-164.18
2.65,-9.68,-179.48,-174.64,-174.59,-174.61
2.66,-10.11,-185.61,-184.39,-184.33,-184.36
2.67,-10.49,-190.21,-193.41,-193.35,-193.38
2.68,-10.84,-204.02,-201.67,-201.6,-201.64
2.69,-11.14,-196.35,-209.13,-209.06,-209.1
2.7,-11.4,-216.29,-215.77,-215.7,-215.73
2.71,-11.61,-227.03,-221.56,-221.48,-221.52
2.72,-11.78,-230.1,-226.47,-226.39,-226.43
2.73,-11.9,-233.17,-230.49,-230.41,-230.45
2.74,-11.97,-242.37,-233.59,-233.51,-233.55
2.75,-12,-236.23,-235.78,-235.7,-235.74
2.76,-11.98,-240.83,-237.04,-236.95,-236.99
2.77,-11.91,-323.67,-237.36,-237.27,-237.32
2.78,-11.8,-243.9,-236.74,-236.66,-236.7
2.79,-11.63,-243.9,-235.19,-235.11,-235.15
2.8,-11.43,-236.23,-232.71,-232.63,-232.67
2.81,-11.17,-236.23,-229.32,-229.24,-229.28
2.82,-10.88,-245.44,-225.02,-224.94,-224.98
2.83,-10.54,-223.96,-219.83,-219.75,-219.79
2.84,-10.16,-217.83,-213.77,-213.69,-213.73
2.85,-9.74,-205.55,-206.87,-206.8,-206.83
2.86,-9.28,-204.02,-199.16,-199.08,-199.12
2.87,-8.78,-193.28,-190.65,-190.58,-190.62
2.88,-8.25,-185.61,-181.4,-181.33,-181.36
2.89,-7.68,-174.87,-171.43,-171.36,-171.4
2.9,-7.09,-161.07,-160.78,-160.72,-160.75
2.91,-6.47,-151.86,-149.5,-149.44,-149.47
2.92,-5.82,-136.52,-137.63,-137.58,-137.6
2.93,-5.15,-124.25,-125.22,-125.17,-125.19
2.94,-4.46,-110.45,-112.31,-112.26,-112.28
2.95,-3.75,-101.24,-98.96,-98.91,-98.94
2.96,-3.03,-82.83,-85.21,-85.18,-85.2
2.97,-2.29,-67.5,-71.14,-71.1,-71.12
2.98,-1.55,-49.09,-56.78,-56.75,-56.76
2.99,-0.8,-33.75,-42.2,-42.17,-42.18
3,-0.05,-18.41,-27.45,-27.43,-27.44
3.01,0.71,-10.74,-12.59,-12.58,-12.58
3.02,1.46,3.07,2.32,2.33,2.32
3.03,2.2,6.14,17.22,17.22,17.22
3.04,2.94,10.74,32.05,32.04,32.05
3.05,3.66,29.15,46.75,46.74,46.75
3.06,4.37,53.69,61.27,61.26,61.26
3.07,5.07,62.89,75.55,75.53,75.54
3.08,5.74,78.23,89.53,89.5,89.52
3.09,6.39,88.97,103.15,103.13,103.14
3.1,7.01,110.45,116.37,116.34,116.36
3.11,7.61,125.79,129.13,129.09,129.11
3.12,8.18,141.13,141.38,141.34,141.36
3.13,8.71,151.86,153.08,153.03,153.05
3.14,9.22,162.6,164.16,164.11,164.14
3.15,9.68,176.41,174.6,174.55,174.58
3.16,10.11,177.94,184.36,184.3,184.33
3.17,10.49,191.75,193.38,193.32,193.35
3.18,10.84,200.95,201.64,201.57,201.61
3.19,11.14,205.55,209.11,209.04,209.07
3.2,11.4,216.29,215.75,215.68,215.71
3.21,11.61,222.43,221.54,221.46,221.5
3.22,11.78,223.96,226.45,226.37,226.41
3.23,11.9,233.17,230.47,230.39,230.43
3.24,11.97,236.23,233.58,233.5,233.54
3.25,12,233.17,235.77,235.69,235.73
3.26,11.98,240.83,237.03,236.95,236.99
3.27,11.91,245.44,237.36,237.27,237.32
3.28,11.8,242.37,236.75,236.66,236.7
3.29,11.63,242.37,235.2,235.12,235.16
3.3,11.43,240.83,232.73,232.64,232.68
3.31,11.18,239.3,229.33,229.25,229.29
3.32,10.88,237.77,225.03,224.95,224.99
3.33,10.54,228.56,219.85,219.77,219.81
3.34,10.16,219.36,213.8,213.72,213.76
3.35,9.74,211.69,206.9,206.82,206.86
3.36,9.28,207.09,199.19,199.11,199.15
3.37,8.78,193.28,190.69,190.61,190.65
3.38,8.25,187.15,181.43,181.37,181.4
3.39,7.69,170.27,171.47,171.4,171.43
3.4,7.09,164.14,160.82,160.76,160.79
3.41,6.47,153.4,149.54,149.48,149.51
3.42,5.82,139.59,137.67,137.62,137.65
3.43,5.15,131.92,125.26,125.21,125.24
3.44,4.46,108.91,112.36,112.31,112.33
3.45,3.76,95.11,99.01,98.96,98.98
3.46,3.03,82.83,85.27,85.23,85.25
3.47,2.3,70.56,71.19,71.16,71.17
3.48,1.55,52.16,56.83,56.8,56.82
3.49,0.8,36.82,42.25,42.23,42.24
3.5,0.05,18.41,27.5,27.48,27.49
3.51,-0.7,6.14,12.64,12.63,12.64
3.52,-1.45,-4.6,-2.27,-2.27,-2.27
3.53,-2.2,-9.2,-17.16,-17.17,-17.16
3.54,-2.94,-24.54,-31.99,-31.99,-31.99
3.55,-3.66,-32.21,-46.7,-46.69,-46.69
3.56,-4.37,-50.62,-61.22,-61.21,-61.21
3.57,-5.06,-65.96,-75.5,-75.48,-75.49
3.58,-5.74,-84.37,-89.48,-89.45,-89.47
3.59,-6.39,-99.71,-103.11,-103.08,-103.09
3.6,-7.01,-108.91,-116.33,-116.29,-116.31
3.61,-7.61,-121.18,-129.09,-129.05,-129.07
3.62,-8.18,-139.59,-141.34,-141.3,-141.32
3.63,-8.71,-151.86,-153.03,-152.99,-153.01
3.64,-9.21,-162.6,-164.13,-164.07,-164.1
3.65,-9.68,-170.27,-174.57,-174.51,-174.54
3.66,-10.1,-191.75,-184.32,-184.26,-184.29
3.67,-10.49,-190.21,-193.35,-193.29,-193.32
3.68,-10.84,-199.42,-201.61,-201.55,-201.58
3.69,-11.14,-332.87,-209.08,-209.01,-209.05
3.7,-11.4,-217.83,-215.73,-215.65,-215.69
3.71,-11.61,-220.89,-221.52,-221.44,-221.48
3.72,-11.78,-208.62,-226.44,-226.36,-226.4
3.73,-11.9,-233.17,-230.46,-230.38,-230.42
3.74,-11.97,-236.23,-233.57,-233.49,-233.53
3.75,-12,-240.83,-235.77,-235.69,-235.73
3.76,-11.98,-240.83,-237.03,-236.95,-236.99
3.77,-11.91,-230.1,-237.36,-237.28,-237.32
3.78,-11.8,-240.83,-236.75,-236.67,-236.71
3.79,-11.64,-236.23,-235.21,-235.12,-235.16
3.8,-11.43,-222.43,-232.74,-232.65,-232.69
3.81,-11.18,-233.17,-229.35,-229.26,-229.3
3.82,-10.88,-225.5,-225.05,-224.97,-225.01
3.83,-10.54,-222.43,-219.87,-219.79,-219.83
3.84,-10.16,-222.43,-213.82,-213.74,-213.78
3.85,-9.74,-216.29,-206.93,-206.85,-206.89
3.86,-9.28,-200.95,-199.21,-199.14,-199.18
3.87,-8.78,-197.88,-190.72,-190.65,-190.68
3.88,-8.25,-182.54,-181.47,-181.4,-181.43
3.89,-7.69,-173.34,-171.5,-171.44,-171.47
3.9,-7.1,-164.14,-160.86,-160.8,-160.83
3.91,-6.47,-154.93,-149.59,-149.53,-149.56
3.92,-5.83,-134.99,-137.72,-137.66,-137.69
3.93,-5.16,-113.51,-125.31,-125.26,-125.28
3.94,-4.47,-113.51,-112.4,-112.36,-112.38
3.95,-3.76,-99.71,-99.06,-99.01,-99.03
3.96,-3.04,-82.83,-85.32,-85.28,-85.3
3.97,-2.3,-67.5,-71.24,-71.21,-71.22
3.98,-1.56,-47.55,-56.88,-56.85,-56.87
3.99,-0.81,-32.21,-42.3,-42.28,-42.29
4,-0.05,-19.94,-27.55,-27.54,-27.54
4.01,0.7,-6.14,-12.69,-12.68,-12.69
4.02,1.45,3.07,2.22,2.22,2.22
4.03,2.2,9.2,17.12,17.12,17.12
4.04,2.93,16.87,31.96,31.95,31.96
4.05,3.66,29.15,46.67,46.66,46.66
4.06,4.37,44.49,61.19,61.18,61.19
4.07,5.06,62.89,75.48,75.46,75.47
4.08,5.74,75.17,89.47,89.44,89.46
4.09,6.39,90.5,103.1,103.07,103.09
4.1,7.01,110.45,116.33,116.29,116.31
4.11,7.61,125.79,129.1,129.06,129.08
4.12,8.18,154.93,141.35,141.31,141.33
4.13,8.71,147.26,153.05,153.01,153.03
4.14,9.22,158,164.15,164.1,164.12
4.15,9.68,174.87,174.59,174.54,174.57
4.16,10.11,205.55,184.35,184.29,184.32
4.17,10.49,190.21,193.38,193.32,193.35
4.18,10.84,205.55,201.64,201.58,201.61
4.19,11.14,202.49,209.11,209.04,209.08
4.2,11.4,214.76,215.76,215.68,215.72
4.21,11.61,222.43,221.55,221.47,221.51
4.22,11.78,256.17,226.46,226.38,226.42
4.23,11.9,237.77,230.48,230.4,230.44
4.24,11.97,242.37,233.59,233.51,233.55
4.25,12,243.9,235.78,235.7,235.74
4.26,11.98,242.37,237.04,236.95,236.99
4.27,11.91,230.1,237.36,237.27,237.31
4.28,11.8,240.83,236.74,236.66,236.7
4.29,11.63,242.37,235.19,235.1,235.14
4.3,11.43,234.7,232.71,232.62,232.66
4.31,11.17,236.23,229.31,229.22,229.26
4.32,10.88,233.17,225,224.92,224.96
4.33,10.54,223.96,219.81,219.72,219.76
4.34,10.15,219.36,213.74,213.66,213.7
4.35,9.73,211.69,206.84,206.76,206.8
4.36,9.27,210.16,199.11,199.04,199.07
4.37,8.78,194.82,190.6,190.53,190.56
4.38,8.24,190.21,181.34,181.27,181.3
4.39,7.68,173.34,171.36,171.29,171.32
4.4,7.09,162.6,160.7,160.64,160.67
4.41,6.46,150.33,149.41,149.35,149.38
4.42,5.82,138.06,137.53,137.47,137.5
4.43,5.15,127.32,125.11,125.05,125.08
4.44,4.45,108.91,112.19,112.14,112.16
4.45,3.75,99.71,98.83,98.78,98.8
4.46,3.02,82.83,85.07,85.03,85.05
4.47,2.29,67.5,70.98,70.95,70.97
4.48,1.54,53.69,56.62,56.59,56.6
4.49,0.79,35.28,42.02,42,42.01
4.5,0.04,19.94,27.27,27.25,27.26
4.51,-0.72,10.74,12.4,12.39,12.39
4.52,-1.47,-4.6,-2.51,-2.52,-2.52
4.53,-2.21,-15.34,-17.42,-17.42,-17.42
4.54,-2.95,-21.48,-32.25,-32.25,-32.25
4.55,-3.67,-39.88,-46.96,-46.95,-46.96
4.56,-4.38,-56.76,-61.49,-61.47,-61.48
4.57,-5.08,-72.1,-75.77,-75.75,-75.76
4.58,-5.75,-87.44,-89.75,-89.72,-89.73
4.59,-6.4,-99.71,-103.37,-103.34,-103.36
4.6,-7.03,-110.45,-116.59,-116.56,-116.57
4.61,-7.62,-124.25,-129.35,-129.31,-129.33
4.62,-8.19,-134.99,-141.6,-141.55,-141.57
4.63,-8.72,-145.73,-153.28,-153.24,-153.26
4.64,-9.22,-162.6,-164.37,-164.31,-164.34
4.65,-9.69,-171.81,-174.8,-174.74,-174.77
4.66,-10.11,-231.63,-184.54,-184.48,-184.51
4.67,-10.5,-194.82,-193.55,-193.49,-193.52
4.68,-10.84,-202.49,-201.8,-201.74,-201.77
4.69,-11.15,-199.42,-209.26,-209.19,-209.22
4.7,-11.4,-219.36,-215.88,-215.81,-215.84
4.71,-11.62,-227.03,-221.65,-221.58,-221.62
4.72,-11.78,-300.66,-226.55,-226.47,-226.51
4.73,-11.9,-228.56,-230.55,-230.47,-230.51
4.74,-11.97,-236.23,-233.65,-233.56,-233.6
4.75,-12,-230.1,-235.81,-235.73,-235.77
4.76,-11.98,-236.23,-237.05,-236.97,-237.01
4.77,-11.91,-243.9,-237.35,-237.27,-237.31
4.78,-11.79,-242.37,-236.72,-236.63,-236.67
4.79,-11.63,-243.9,-235.15,-235.06,-235.1
4.8,-11.42,-280.72,-232.65,-232.56,-232.6
4.81,-11.17,-236.23,-229.23,-229.14,-229.19
4.82,-10.87,-234.7,-224.9,-224.82,-224.86
4.83,-10.53,-223.96,-219.69,-219.61,-219.65
4.84,-10.15,-213.22,-213.61,-213.53,-213.57
4.85,-9.72,-208.62,-206.69,-206.61,-206.65
4.86,-9.26,-205.55,-198.95,-198.87,-198.91
4.87,-8.77,-191.75,-190.42,-190.35,-190.38
4.88,-8.23,-187.15,-181.14,-181.07,-181.11
4.89,-7.67,-145.73,-171.15,-171.08,-171.12
4.9,-7.07,-164.14,-160.48,-160.42,-160.45
4.91,-6.45,-150.33,-149.18,-149.12,-149.15
4.92,-5.8,-139.59,-137.28,-137.23,-137.26
4.93,-5.13,-125.79,-124.85,-124.8,-124.82
4.94,-4.44,-111.98,-111.92,-111.87,-111.9
4.95,-3.73,-96.64,-98.55,-98.51,-98.53
4.96,-3.01,-84.37,-84.79,-84.75,-84.77
4.97,-2.27,-67.5,-70.7,-70.66,-70.68
4.98,-1.53,-52.16,-56.32,-56.3,-56.31
4.99,-0.78,-33.75,-41.73,-41.7,-41.72
5,-0.02,-19.94,-26.97,-26.95,-26.96
5.01,0.73,0,-12.1,-12.09,-12.09
5.02,1.48,9.2,2.82,2.82,2.82
5.03,2.23,15.34,17.72,17.72,17.72
5.04,2.96,19.94,32.55,32.55,32.55
5.05,3.69,32.21,47.26,47.25,47.25
5.06,4.4,49.09,61.78,61.76,61.77
5.07,5.09,64.43,76.05,76.03,76.04
5.08,5.76,78.23,90.03,90,90.01
5.09,6.41,92.04,103.64,103.62,103.63
5.1,7.04,115.05,116.85,116.82,116.84
5.11,7.63,119.65,129.6,129.56,129.58
5.12,8.2,141.13,141.84,141.79,141.82
5.13,8.73,151.86,153.51,153.47,153.49
5.14,9.23,164.14,164.58,164.53,164.56
5.15,9.7,177.94,175,174.95,174.97
5.16,10.12,185.61,184.73,184.67,184.7
5.17,10.51,194.82,193.73,193.67,193.7
5.18,10.85,200.95,201.96,201.89,201.93
5.19,11.15,214.76,209.4,209.33,209.36
5.2,11.41,216.29,216.01,215.93,215.97
5.21,11.62,223.96,221.76,221.69,221.72
5.22,11.78,227.03,226.64,226.56,226.6
5.23,11.9,231.63,230.62,230.55,230.58
5.24,11.98,233.17,233.7,233.62,233.66
5.25,12,239.3,235.85,235.77,235.81
5.26,11.98,239.3,237.07,236.98,237.03
5.27,11.91,237.77,237.35,237.27,237.31
5.28,11.79,240.83,236.69,236.61,236.65
5.29,11.63,240.83,235.1,235.02,235.06
5.3,11.42,239.3,232.59,232.5,232.54
5.31,11.16,239.3,229.15,229.07,229.11
5.32,10.86,230.1,224.81,224.72,224.77
5.33,10.52,225.5,219.58,219.5,219.54
5.34,10.14,217.83,213.48,213.4,213.44
5.35,9.71,208.62,206.54,206.46,206.5
5.36,9.25,207.09,198.78,198.71,198.74
5.37,8.75,197.88,190.24,190.17,190.2
5.38,8.22,211.69,180.95,180.88,180.91
5.39,7.66,171.81,170.94,170.87,170.91
5.4,7.06,162.6,160.26,160.19,160.23
5.41,6.44,151.86,148.94,148.88,148.91
5.42,5.79,133.46,137.04,136.98,137.01
5.43,5.12,125.79,124.59,124.54,124.57
5.44,4.43,110.45,111.65,111.61,111.63
5.45,3.72,99.71,98.28,98.23,98.25
5.46,2.99,81.3,84.51,84.47,84.49
5.47,2.26,69.03,70.41,70.38,70.39
5.48,1.51,50.62,56.03,56,56.02
5.49,0.76,32.21,41.43,41.41,41.42
5.5,0.01,19.94,26.67,26.65,26.66
5.51,-0.75,1.53,11.8,11.79,11.79
5.52,-1.5,-9.2,-3.12,-3.12,-3.12
5.53,-2.24,-15.34,-18.02,-18.02,-18.02
5.54,-2.98,-23.01,-32.85,-32.85,-32.85
5.55,-3.7,-39.88,-47.55,-47.55,-47.55
5.56,-4.41,-49.09,-62.07,-62.05,-62.06
5.57,-5.1,-59.83,-76.34,-76.32,-76.33
5.58,-5.78,-84.37,-90.3,-90.28,-90.29
5.59,-6.43,-98.17,-103.92,-103.89,-103.9
5.6,-7.05,-115.05,-117.12,-117.08,-117.1
5.61,-7.65,-124.25,-129.85,-129.82,-129.83
5.62,-8.21,-139.59,-142.08,-142.04,-142.06
5.63,-8.75,-144.19,-153.74,-153.7,-153.72
5.64,-9.24,-159.53,-164.8,-164.75,-164.77
5.65,-9.71,-176.41,-175.21,-175.15,-175.18
5.66,-10.13,-182.54,-184.92,-184.86,-184.89
5.67,-10.51,-190.21,-193.9,-193.84,-193.87
5.68,-10.86,-207.09,-202.12,-202.05,-202.09
5.69,-11.16,-205.55,-209.54,-209.47,-209.5
5.7,-11.41,-216.29,-216.13,-216.06,-216.09
5.71,-11.62,-223.96,-221.87,-221.79,-221.83
5.72,-11.79,-233.17,-226.73,-226.65,-226.69
5.731,-11.91,-236.23,-230.7,-230.62,-230.66
5.741,-11.98,-239.3,-233.75,-233.67,-233.71
5.751,-12,-177.94,-235.88,-235.8,-235.84
5.761,-11.98,-242.37,-237.08,-237,-237.04
5.771,-11.91,-242.37,-237.35,-237.26,-237.3
5.781,-11.79,-242.37,-236.67,-236.59,-236.63
5.791,-11.62,-240.83,-235.06,-234.98,-235.02
5.801,-11.41,-231.63,-232.53,-232.44,-232.48
5.811,-11.16,-234.7,-229.07,-228.99,-229.03
5.821,-10.86,-228.56,-224.71,-224.63,-224.67
5.831,-10.51,-184.08,-219.46,-219.38,-219.42
5.841,-10.13,-214.76,-213.35,-213.27,-213.31
5.851,-9.71,-210.16,-206.39,-206.31,-206.35
5.861,-9.24,-202.49,-198.62,-198.54,-198.58
5.871,-8.74,-193.28,-190.06,-189.99,-190.02
5.881,-8.21,-184.08,-180.75,-180.68,-180.72
5.891,-7.65,-176.41,-170.73,-170.66,-170.7
5.901,-7.05,-156.47,-160.03,-159.97,-160
5.911,-6.43,-148.8,-148.71,-148.65,-148.68
5.921,-5.78,-136.52,-136.79,-136.74,-136.76
5.931,-5.1,-124.25,-124.34,-124.28,-124.31
5.941,-4.41,-102.78,-111.39,-111.34,-111.36
5.951,-3.7,-96.64,-98,-97.96,-97.98
5.961,-2.98,-84.37,-84.23,-84.19,-84.21
5.971,-2.24,-69.03,-70.12,-70.09,-70.1
5.981,-1.5,-53.69,-55.74,-55.71,-55.72
5.991,-0.75,-32.21,-41.13,-41.11,-41.12
6.001,0.01,-15.34,-26.37,-26.35,-26.36
6.011,0.76,3.07,-11.5,-11.49,-11.49
6.021,1.51,10.74,3.42,3.43,3.42
6.031,2.26,15.34,18.32,18.32,18.32
6.041,2.99,18.41,33.15,33.15,33.15
6.051,3.72,33.75,47.85,47.84,47.84
6.061,4.43,47.55,62.36,62.35,62.35
6.071,5.12,65.96,76.62,76.6,76.61
6.081,5.79,81.3,90.58,90.56,90.57
6.091,6.44,96.64,104.19,104.16,104.17
6.101,7.06,113.51,117.38,117.34,117.36
6.111,7.66,121.18,130.11,130.07,130.09
6.121,8.22,139.59,142.32,142.28,142.3
6.131,8.76,154.93,153.97,153.92,153.95
6.141,9.25,165.67,165.02,164.96,164.99
6.151,9.72,199.42,175.41,175.35,175.38
6.161,10.14,182.54,185.11,185.05,185.08
6.171,10.52,194.82,194.08,194.01,194.04
6.181,10.86,208.62,202.28,202.21,202.24
6.191,11.16,211.69,209.68,209.61,209.65
6.201,11.42,214.76,216.26,216.18,216.22
6.211,11.63,211.69,221.98,221.9,221.94
6.221,11.79,230.1,226.82,226.74,226.78
6.231,11.91,233.17,230.77,230.69,230.73
6.241,11.98,237.77,233.8,233.72,233.76
6.251,12,240.83,235.92,235.83,235.87
6.261,11.98,237.77,237.1,237.01,237.05
6.271,11.9,239.3,237.34,237.26,237.3
6.281,11.78,242.37,236.65,236.56,236.61
6.291,11.62,233.17,235.02,234.94,234.98
6.301,11.41,240.83,232.47,232.38,232.42
6.311,11.15,240.83,228.99,228.91,228.95
6.321,10.85,233.17,224.61,224.53,224.57
6.331,10.51,225.5,219.35,219.27,219.31
6.341,10.12,211.69,213.21,213.14,213.17
6.351,9.7,210.16,206.24,206.16,206.2
6.361,9.23,207.09,198.45,198.38,198.41
6.371,8.73,194.82,189.88,189.81,189.84
6.381,8.2,187.15,180.56,180.49,180.52
6.391,7.63,171.81,170.52,170.46,170.49
6.401,7.04,164.14,159.81,159.75,159.78
6.411,6.41,145.73,148.47,148.41,148.44
6.421,5.76,136.52,136.54,136.49,136.52
6.431,5.09,124.25,124.08,124.03,124.05
6.441,4.4,107.38,111.12,111.08,111.1
6.451,3.69,99.71,97.73,97.68,97.71
6.461,2.96,82.83,83.95,83.91,83.93
6.471,2.23,69.03,69.83,69.8,69.82
6.481,1.48,50.62,55.44,55.42,55.43
6.491,0.73,30.68,40.84,40.81,40.83
6.501,-0.02,21.48,26.07,26.05,26.06
6.511,-0.78,3.07,11.2,11.18,11.19
6.521,-1.53,-9.2,-3.72,-3.73,-3.72
6.531,-2.27,-13.81,-18.62,-18.62,-18.62
6.541,-3.01,-13.81,-33.45,-33.45,-33.45
6.551,-3.73,-30.68,-48.14,-48.14,-48.14
6.561,-4.44,-49.09,-62.65,-62.64,-62.64
6.571,-5.13,-69.03,-76.91,-76.89,-76.9
6.581,-5.8,-81.3,-90.86,-90.84,-90.85
6.591,-6.45,-98.17,-104.46,-104.43,-104.44
6.601,-7.07,-118.12,-117.64,-117.61,-117.62
6.611,-7.67,-127.32,-130.36,-130.32,-130.34
6.621,-8.23,-139.59,-142.56,-142.52,-142.54
6.631,-8.77,-190.21,-154.2,-154.15,-154.18
6.641,-9.26,-165.67,-165.23,-165.18,-165.21
6.651,-9.72,-181.01,-175.61,-175.56,-175.58
6.661,-10.15,-184.08,-185.3,-185.24,-185.27
6.671,-10.53,-196.35,-194.25,-194.19,-194.22
6.681,-10.87,-204.02,-202.44,-202.37,-202.4
6.691,-11.17,-214.76,-209.82,-209.75,-209.79
6.701,-11.42,-213.22,-216.38,-216.31,-216.34
6.711,-11.63,-227.03,-222.08,-222.01,-222.04
6.721,-11.79,-222.43,-226.91,-226.83,-226.87
6.731,-11.91,-231.63,-230.84,-230.76,-230.8
6.741,-11.98,-236.23,-233.85,-233.77,-233.81
6.751,-12,-227.03,-235.95,-235.87,-235.91
6.761,-11.97,-239.3,-237.11,-237.03,-237.07
6.771,-11.9,-237.77,-237.34,-237.25,-237.29
6.781,-11.78,-211.69,-236.62,-236.54,-236.58
6.791,-11.61,-236.23,-234.98,-234.89,-234.94
6.801,-11.4,-228.56,-232.4,-232.32,-232.36
6.811,-11.15,-228.56,-228.91,-228.83,-228.87
6.821,-10.84,-227.03,-224.51,-224.43,-224.47
6.831,-10.5,-214.76,-219.23,-219.15,-219.19
6.841,-10.11,-217.83,-213.08,-213,-213.04
6.851,-9.69,-214.76,-206.09,-206.01,-206.05
6.861,-9.22,-200.95,-198.29,-198.21,-198.25
6.871,-8.72,-193.28,-189.7,-189.63,-189.66
6.881,-8.19,-181.01,-180.36,-180.29,-180.33
6.891,-7.62,-173.34,-170.31,-170.25,-170.28
6.901,-7.02,-164.14,-159.59,-159.53,-159.56
6.911,-6.4,-150.33,-148.24,-148.18,-148.21
6.921,-5.75,-136.52,-136.3,-136.24,-136.27
6.931,-5.08,-119.65,-123.82,-123.77,-123.8
6.941,-4.38,-113.51,-110.86,-110.81,-110.83
6.951,-3.67,-95.11,-97.45,-97.41,-97.43
6.961,-2.95,-81.3,-83.66,-83.63,-83.64
6.971,-2.21,-70.56,-69.54,-69.51,-69.53
6.981,-1.47,-55.22,-55.15,-55.12,-55.14
6.991,-0.72,-33.75,-40.54,-40.52,-40.53
7.001,0.04,-18.41,-25.77,-25.75,-25.76
7.011,0.79,0,-10.9,-10.88,-10.89
7.021,1.54,9.2,4.02,4.03,4.02
7.031,2.29,21.48,18.92,18.92,18.92
7.041,3.02,19.94,33.75,33.74,33.75
7.051,3.75,39.88,48.44,48.43,48.43
7.061,4.46,52.16,62.94,62.93,62.93
7.071,5.15,67.5,77.19,77.17,77.18
7.081,5.82,81.3,91.14,91.12,91.13
7.091,6.46,98.17,104.73,104.7,104.71
7.101,7.09,110.45,117.9,117.87,117.88
7.111,7.68,125.79,130.61,130.57,130.59
7.121,8.25,139.59,142.8,142.76,142.78
7.131,8.78,153.4,154.43,154.38,154.41
7.141,9.27,164.14,165.45,165.4,165.42
7.151,9.73,177.94,175.81,175.76,175.79
7.161,10.16,184.08,185.48,185.42,185.45
7.171,10.54,194.82,194.42,194.36,194.39
7.181,10.88,213.22,202.59,202.53,202.56
7.191,11.17,211.69,209.96,209.89,209.93
7.201,11.43,217.83,216.5,216.43,216.47
7.211,11.63,217.83,222.19,222.11,222.15
7.221,11.8,230.1,227,226.92,226.96
7.231,11.91,233.17,230.91,230.83,230.87
7.241,11.98,237.77,233.91,233.83,233.87
7.251,12,240.83,235.98,235.9,235.94
7.261,11.97,237.77,237.13,237.04,237.08
7.271,11.9,240.83,237.33,237.25,237.29
7.281,11.78,245.44,236.6,236.52,236.56
7.291,11.61,239.3,234.94,234.85,234.89
7.301,11.4,239.3,232.34,232.26,232.3
7.311,11.14,239.3,228.83,228.75,228.79
7.321,10.84,234.7,224.42,224.34,224.38
7.331,10.49,227.03,219.12,219.04,219.07
7.341,10.11,213.22,212.95,212.87,212.91
7.351,9.68,210.16,205.94,205.86,205.9
7.361,9.21,208.62,198.12,198.05,198.08
7.371,8.71,188.68,189.52,189.45,189.48
7.381,8.18,185.61,180.17,180.1,180.13
7.391,7.61,170.27,170.1,170.04,170.07
7.401,7.01,161.07,159.37,159.3,159.33
7.411,6.39,144.19,148,147.94,147.97
7.421,5.74,134.99,136.05,136,136.02
7.431,5.06,124.25,123.56,123.51,123.54
7.441,4.37,110.45,110.59,110.54,110.57
7.451,3.66,98.17,97.18,97.14,97.16
7.461,2.93,82.83,83.38,83.34,83.36
7.471,2.2,65.96,69.26,69.22,69.24
7.481,1.45,50.62,54.86,54.83,54.84
7.491,0.7,30.68,40.24,40.22,40.23
7.501,-0.05,18.41,25.47,25.45,25.46
7.511,-0.81,-3.07,10.59,10.58,10.59
7.521,-1.56,-13.81,-4.32,-4.33,-4.33
7.531,-2.3,-16.87,-19.22,-19.22,-19.22
7.541,-3.04,-21.48,-34.05,-34.04,-34.04
7.551,-3.76,-39.88,-48.73,-48.73,-48.73
7.561,-4.47,-50.62,-63.23,-63.22,-63.22
7.571,-5.16,-64.43,-77.48,-77.46,-77.47
7.581,-5.83,-75.17,-91.42,-91.39,-91.41
7.591,-6.48,-85.9,-105,-104.97,-104.98
7.601,-7.1,-108.91,-118.16,-118.13,-118.15
7.611,-7.69,-124.25,-130.86,-130.82,-130.84
7.621,-8.26,-139.59,-143.04,-143,-143.02
7.631,-8.79,-153.4,-154.66,-154.61,-154.64
7.641,-9.28,-162.6,-165.67,-165.61,-165.64
7.651,-9.74,-174.87,-176.02,-175.96,-175.99
7.661,-10.16,-182.54,-185.67,-185.61,-185.64
7.671,-10.54,-208.62,-194.6,-194.53,-194.56
7.681,-10.88,-204.02,-202.75,-202.68,-202.72
7.691,-11.18,-211.69,-210.1,-210.03,-210.07
7.701,-11.43,-227.03,-216.63,-216.55,-216.59
7.711,-11.64,-220.89,-222.29,-222.22,-222.26
7.721,-11.8,-228.56,-227.08,-227.01,-227.04
7.731,-11.91,-234.7,-230.98,-230.9,-230.94
7.741,-11.98,-237.77,-233.96,-233.88,-233.92
7.751,-12,-234.7,-236.01,-235.93,-235.97
7.761,-11.97,-237.77,-237.14,-237.06,-237.1
7.771,-11.9,-237.77,-237.33,-237.24,-237.28
7.781,-11.78,-250.04,-236.58,-236.49,-236.53
7.791,-11.61,-237.77,-234.89,-234.81,-234.85
7.801,-11.39,-237.77,-232.28,-232.2,-232.24
7.811,-11.13,-216.29,-228.75,-228.67,-228.71
7.821,-10.83,-228.56,-224.32,-224.24,-224.28
7.831,-10.48,-217.83,-219,-218.92,-218.96
7.841,-10.1,-214.76,-212.82,-212.74,-212.78
7.851,-9.67,-211.69,-205.79,-205.71,-205.75
7.861,-9.2,-197.88,-197.95,-197.88,-197.92
7.871,-8.7,-194.82,-189.34,-189.26,-189.3
7.881,-8.17,-184.08,-179.97,-179.9,-179.93
7.891,-7.6,-173.34,-169.89,-169.82,-169.86
7.901,-7,-170.27,-159.14,-159.08,-159.11
7.911,-6.37,-147.26,-147.76,-147.71,-147.74
7.921,-5.72,-134.99,-135.8,-135.75,-135.78
7.931,-5.05,-121.18,-123.31,-123.26,-123.28
7.941,-4.35,-108.91,-110.32,-110.28,-110.3
7.951,-3.64,-90.5,-96.9,-96.86,-96.88
7.961,-2.92,-82.83,-83.1,-83.06,-83.08
7.971,-2.18,-64.43,-68.97,-68.94,-68.95
7.981,-1.44,-50.62,-54.56,-54.54,-54.55
7.991,-0.68,-36.82,-39.95,-39.92,-39.93
8.001,0.07,-19.94,-25.17,-25.15,-25.16
8.011,0.82,-7.67,-10.3,-10.28,-10.29
8.021,1.57,6.14,4.61,4.62,4.62
8.031,2.32,12.27,19.5,19.5,19.5
8.041,3.05,21.48,34.31,34.31,34.31
8.051,3.77,41.42,48.98,48.97,48.98
8.061,4.48,52.16,63.46,63.45,63.46
8.071,5.17,69.03,77.69,77.67,77.68
8.081,5.84,84.37,91.62,91.59,91.6
8.091,6.48,88.97,105.18,105.15,105.16
8.101,7.11,108.91,118.32,118.29,118.31
8.111,7.7,124.25,131,130.97,130.98
8.121,8.26,139.59,143.17,143.12,143.15
8.131,8.79,151.86,154.77,154.72,154.74
8.141,9.29,158,165.76,165.71,165.73
8.151,9.74,173.34,176.09,176.04,176.07
8.161,10.17,185.61,185.74,185.68,185.71
8.171,10.55,197.88,194.65,194.58,194.61
8.181,10.88,208.62,202.79,202.72,202.75
8.191,11.18,208.62,210.13,210.06,210.1
8.201,11.43,217.83,216.65,216.57,216.61
8.211,11.64,222.43,222.31,222.23,222.27
8.221,11.8,228.56,227.09,227.01,227.05
8.231,11.91,242.37,230.98,230.9,230.94
8.241,11.98,243.9,233.96,233.88,233.92
8.251,12,242.37,236.01,235.93,235.97
8.261,11.97,234.7,237.14,237.06,237.1
8.271,11.9,240.83,237.33,237.25,237.29
8.281,11.78,240.83,236.58,236.5,236.54
8.291,11.61,239.3,234.91,234.82,234.86
8.301,11.4,239.3,232.3,232.22,232.26
8.311,11.14,222.43,228.78,228.7,228.74
8.321,10.83,228.56,224.36,224.28,224.32
8.331,10.49,225.5,219.06,218.98,219.02
8.341,10.1,211.69,212.89,212.81,212.85
8.351,9.68,214.76,205.88,205.8,205.84
8.361,9.21,207.09,198.06,197.98,198.02
8.371,8.71,190.21,189.46,189.39,189.42
8.381,8.18,182.54,180.11,180.04,180.08
8.391,7.61,174.87,170.05,169.99,170.02
8.401,7.01,176.41,159.32,159.26,159.29
8.411,6.39,150.33,147.97,147.91,147.94
8.421,5.74,138.06,136.03,135.97,136
8.431,5.06,125.79,123.55,123.5,123.53
8.441,4.37,111.98,110.59,110.54,110.57
8.451,3.66,92.04,97.19,97.15,97.17
8.461,2.94,78.23,83.41,83.37,83.39
8.471,2.2,62.89,69.3,69.26,69.28
8.481,1.46,46.02,54.91,54.89,54.9
8.491,0.7,30.68,40.31,40.29,40.3
8.501,-0.05,19.94,25.55,25.54,25.54
8.511,-0.8,9.2,10.69,10.68,10.69
8.521,-1.55,-6.14,-4.21,-4.22,-4.21
8.531,-2.29,-15.34,-19.1,-19.1,-19.1
8.541,-3.03,-21.48,-33.91,-33.9,-33.9
8.551,-3.75,-35.28,-48.58,-48.57,-48.58
8.561,-4.46,-52.16,-63.07,-63.05,-63.06
8.571,-5.15,-67.5,-77.31,-77.29,-77.3
8.581,-5.82,-84.37,-91.24,-91.21,-91.22
8.591,-6.47,-121.18,-104.81,-104.78,-104.79
8.601,-7.09,-115.05,-117.97,-117.93,-117.95
8.611,-7.68,-128.85,-130.66,-130.62,-130.64
8.621,-8.25,-141.13,-142.84,-142.8,-142.82
8.631,-8.78,-150.33,-154.46,-154.41,-154.43
8.641,-9.27,-159.53,-165.46,-165.41,-165.44
8.651,-9.73,-174.87,-175.82,-175.76,-175.79
8.661,-10.15,-188.68,-185.48,-185.42,-185.45
8.671,-10.54,-191.75,-194.41,-194.35,-194.38
8.681,-10.88,-204.02,-202.57,-202.51,-202.54
8.691,-11.17,-211.69,-209.94,-209.87,-209.9
8.701,-11.42,-210.16,-216.48,-216.4,-216.44
8.711,-11.63,-225.5,-222.16,-222.09,-222.12
8.721,-11.79,-231.63,-226.97,-226.89,-226.93
8.731,-11.91,-308.33,-230.88,-230.8,-230.84
8.741,-11.98,-233.17,-233.89,-233.81,-233.85
8.751,-12,-243.9,-235.97,-235.89,-235.93
8.761,-11.97,-236.23,-237.12,-237.04,-237.08
8.771,-11.9,-240.83,-237.34,-237.25,-237.29
8.781,-11.78,-243.9,-236.62,-236.53,-236.58
8.791,-11.61,-242.37,-234.97,-234.88,-234.92
8.801,-11.4,-236.23,-232.39,-232.3,-232.35
8.811,-11.14,-185.61,-228.89,-228.81,-228.85
8.821,-10.84,-230.1,-224.5,-224.41,-224.46
8.831,-10.5,-225.5,-219.21,-219.13,-219.17
8.841,-10.11,-217.83,-213.07,-212.99,-213.03
8.851,-9.69,-210.16,-206.08,-206.01,-206.04
8.861,-9.22,-204.02,-198.28,-198.21,-198.25
8.871,-8.72,-184.08,-189.71,-189.63,-189.67
8.881,-8.19,-187.15,-180.38,-180.31,-180.34
8.891,-7.62,-168.74,-170.34,-170.27,-170.3
8.901,-7.03,-168.74,-159.63,-159.56,-159.6
8.911,-6.4,-145.73,-148.29,-148.23,-148.26
8.921,-5.75,-138.06,-136.36,-136.31,-136.34
8.931,-5.08,-125.79,-123.9,-123.85,-123.88
8.941,-4.39,-107.38,-110.95,-110.9,-110.93
8.951,-3.68,-95.11,-97.56,-97.52,-97.54
8.961,-2.96,-73.63,-83.79,-83.75,-83.77
8.971,-2.22,-65.96,-69.69,-69.66,-69.67
8.981,-1.48,-55.22,-55.31,-55.28,-55.3
8.991,-0.73,-38.35,-40.72,-40.69,-40.7
9.001,0.03,-19.94,-25.96,-25.94,-25.95
9.011,0.78,-6.14,-11.1,-11.09,-11.1
9.021,1.53,6.14,3.8,3.81,3.8
9.031,2.27,18.41,18.69,18.69,18.69
9.041,3.01,33.75,33.5,33.5,33.5
9.051,3.73,41.42,48.18,48.17,48.18
9.061,4.44,56.76,62.67,62.66,62.67
9.071,5.13,70.56,76.92,76.9,76.91
9.081,5.8,82.83,90.86,90.83,90.85
9.091,6.45,102.78,104.44,104.41,104.43
9.101,7.07,105.84,117.61,117.58,117.6
9.111,7.67,119.65,130.32,130.28,130.3
9.121,8.23,131.92,142.51,142.47,142.49
9.131,8.76,150.33,154.15,154.1,154.12
9.141,9.26,176.41,165.17,165.12,165.14
9.151,9.72,170.27,175.54,175.49,175.52
9.161,10.14,181.01,185.22,185.16,185.19
9.171,10.53,196.35,194.18,194.11,194.14
9.181,10.87,200.95,202.36,202.29,202.33
9.191,11.16,213.22,209.75,209.68,209.71
9.201,11.42,193.28,216.31,216.24,216.27
9.211,11.63,223.96,222.02,221.94,221.98
9.221,11.79,230.1,226.85,226.77,226.81
9.231,11.91,228.56,230.79,230.71,230.75
9.241,11.98,233.17,233.82,233.74,233.78
9.251,12,237.77,235.92,235.84,235.88
9.261,11.98,236.23,237.1,237.02,237.06
9.271,11.9,245.44,237.34,237.26,237.3
9.281,11.78,243.9,236.65,236.57,236.61
9.291,11.62,245.44,235.02,234.94,234.98
9.301,11.41,242.37,232.47,232.39,232.43
9.311,11.15,268.45,229,228.92,228.96
9.321,10.85,233.17,224.63,224.55,224.59
9.331,10.51,228.56,219.37,219.29,219.33
9.341,10.12,223.96,213.25,213.17,213.21
9.351,9.7,210.16,206.29,206.21,206.25
9.361,9.24,204.02,198.51,198.44,198.47
9.371,8.74,196.35,189.95,189.88,189.91
9.381,8.21,182.54,180.64,180.57,180.61
9.391,7.64,173.34,170.62,170.56,170.59
9.401,7.04,156.47,159.93,159.87,159.9
9.411,6.42,150.33,148.61,148.55,148.58
9.421,5.77,134.99,136.7,136.64,136.67
9.431,5.1,125.79,124.25,124.2,124.23
9.441,4.41,111.98,111.31,111.27,111.29
9.451,3.7,110.45,97.94,97.89,97.92
9.461,2.98,78.23,84.17,84.14,84.16
9.471,2.24,64.43,70.08,70.05,70.06
9.481,1.5,50.62,55.71,55.68,55.7
9.491,0.75,35.28,41.12,41.1,41.11
9.501,-0.01,21.48,26.37,26.35,26.36
9.511,-0.76,7.67,11.51,11.5,11.5
9.521,-1.51,-9.2,-3.39,-3.4,-3.39
9.531,-2.25,-15.34,-18.28,-18.28,-18.28
9.541,-2.99,-24.54,-33.1,-33.09,-33.09
9.551,-3.71,-42.95,-47.78,-47.77,-47.78
9.561,-4.42,-53.69,-62.28,-62.26,-62.27
9.571,-5.11,-69.03,-76.53,-76.51,-76.52
9.581,-5.78,-79.77,-90.48,-90.46,-90.47
9.591,-6.43,-96.64,-104.07,-104.04,-104.06
9.601,-7.06,-96.64,-117.26,-117.22,-117.24
9.611,-7.65,-125.79,-129.98,-129.94,-129.96
9.621,-8.22,-138.06,-142.19,-142.14,-142.16
9.631,-8.75,-151.86,-153.83,-153.79,-153.81
9.641,-9.25,-165.67,-164.88,-164.82,-164.85
9.651,-9.71,-171.81,-175.27,-175.21,-175.24
9.661,-10.13,-188.68,-184.97,-184.91,-184.94
9.67,-10.52,-188.68,-193.94,-193.88,-193.91
9.68,-10.86,-204.02,-202.15,-202.08,-202.11
9.69,-11.16,-207.09,-209.56,-209.49,-209.52
9.7,-11.41,-211.69,-216.14,-216.07,-216.1
9.71,-11.62,-227.03,-221.87,-221.8,-221.83
9.72,-11.79,-231.63,-226.73,-226.65,-226.69
9.73,-11.9,-243.9,-230.69,-230.61,-230.65
9.74,-11.98,-239.3,-233.75,-233.67,-233.71
9.75,-12,-239.3,-235.88,-235.8,-235.84
9.76,-11.98,-207.09,-237.08,-237,-237.04
9.77,-11.91,-245.44,-237.35,-237.27,-237.31
9.78,-11.79,-240.83,-236.68,-236.6,-236.64
9.79,-11.62,-240.83,-235.08,-235,-235.04
9.8,-11.41,-237.77,-232.55,-232.47,-232.51
9.81,-11.16,-227.03,-229.11,-229.03,-229.07
9.82,-10.86,-230.1,-224.76,-224.68,-224.72
9.83,-10.52,-225.5,-219.53,-219.45,-219.49
9.84,-10.14,-288.39,-213.43,-213.35,-213.39
9.85,-9.71,-208.62,-206.49,-206.41,-206.45
9.86,-9.25,-202.49,-198.73,-198.66,-198.7
9.87,-8.75,-210.16,-190.2,-190.12,-190.16
9.88,-8.22,-187.15,-180.91,-180.84,-180.87
9.89,-7.66,-171.81,-170.91,-170.84,-170.87
9.9,-7.06,-156.47,-160.23,-160.17,-160.2
9.91,-6.44,-133.46,-148.93,-148.87,-148.9
9.92,-5.79,-136.52,-137.03,-136.98,-137.01
9.93,-5.12,-127.32,-124.6,-124.55,-124.57
9.94,-4.43,-108.91,-111.68,-111.63,-111.65
9.95,-3.72,-96.64,-98.31,-98.27,-98.29
9.96,-3,-96.64,-84.56,-84.52,-84.54
9.97,-2.26,-65.96,-70.47,-70.44,-70.45
9.98,-1.52,-52.16,-56.11,-56.08,-56.09
9.99,-0.77,-38.35,-41.52,-41.5,-41.51
10,-0.01,-18.41,-26.77,-26.76,-26.77
10.01,0.74,-4.6,-11.92,-11.91,-11.91
10.02,1.49,6.14,2.98,2.99,2.98
10.03,2.23,18.41,17.87,17.87,17.87
10.04,2.97,30.68,32.69,32.69,32.69
10.05,3.69,42.95,47.38,47.37,47.38
10.06,4.4,53.69,61.88,61.87,61.88
10.07,5.09,67.5,76.14,76.12,76.13
10.08,5.77,73.63,90.1,90.08,90.09
10.09,6.42,92.04,103.71,103.68,103.69
10.1,7.04,105.84,116.9,116.87,116.88
10.11,7.63,118.12,129.63,129.6,129.62
10.12,8.2,139.59,141.86,141.82,141.84
10.13,8.73,151.86,153.52,153.47,153.5
10.14,9.23,164.14,164.58,164.53,164.55
10.15,9.7,174.87,174.99,174.94,174.96
10.16,10.12,182.54,184.71,184.65,184.68
10.17,10.51,190.21,193.7,193.64,193.67
10.18,10.85,200.95,201.93,201.86,201.9
10.19,11.15,213.22,209.36,209.29,209.33
10.2,11.41,207.09,215.97,215.9,215.93
10.21,11.62,220.89,221.73,221.65,221.69
10.22,11.78,228.56,226.61,226.53,226.57
10.23,11.9,228.56,230.6,230.52,230.56
10.24,11.97,239.3,233.68,233.59,233.63
10.25,12,243.9,235.83,235.75,235.79
10.26,11.98,239.3,237.06,236.98,237.02
10.27,11.91,242.37,237.35,237.27,237.31
10.28,11.79,233.17,236.71,236.63,236.67
10.29,11.63,245.44,235.14,235.05,235.09
10.3,11.42,242.37,232.63,232.55,232.59
10.31,11.17,239.3,229.22,229.13,229.17
10.32,10.87,230.1,224.89,224.81,224.85
10.33,10.53,225.5,219.68,219.6,219.64
10.34,10.15,217.83,213.61,213.53,213.57
10.35,9.72,208.62,206.69,206.61,206.65
10.36,9.26,230.1,198.96,198.88,198.92
10.37,8.77,194.82,190.44,190.37,190.4
10.38,8.24,187.15,181.17,181.1,181.14
10.39,7.67,177.94,171.19,171.13,171.16
10.4,7.08,158,160.54,160.47,160.5
10.41,6.46,147.26,149.25,149.19,149.22
10.42,5.81,139.59,137.37,137.31,137.34
10.43,5.14,125.79,124.95,124.9,124.92
10.44,4.45,108.91,112.04,111.99,112.01
10.45,3.74,96.64,98.68,98.64,98.66
10.46,3.02,78.23,84.94,84.9,84.92
10.47,2.28,64.43,70.86,70.83,70.85
10.48,1.54,50.62,56.51,56.48,56.49
10.49,0.79,33.75,41.93,41.9,41.91
10.5,0.03,24.54,27.18,27.16,27.17
10.51,-0.72,10.74,12.33,12.32,12.32
10.52,-1.47,-7.67,-2.57,-2.58,-2.57
10.53,-2.21,-18.41,-17.46,-17.46,-17.46
10.54,-2.95,-21.48,-32.28,-32.28,-32.28
10.55,-3.67,-39.88,-46.98,-46.97,-46.97
10.56,-4.38,-55.22,-61.49,-61.47,-61.48
10.57,-5.08,-67.5,-75.75,-75.74,-75.74
10.58,-5.75,-79.77,-89.72,-89.7,-89.71
10.59,-6.4,-95.11,-103.34,-103.31,-103.32
10.6,-7.02,-102.78,-116.54,-116.51,-116.53
10.61,-7.62,-122.72,-129.29,-129.25,-129.27
10.62,-8.19,-136.52,-141.53,-141.49,-141.51
10.63,-8.72,-148.8,-153.21,-153.16,-153.19
10.64,-9.22,-159.53,-164.29,-164.23,-164.26
10.65,-9.68,-162.6,-174.71,-174.66,-174.69
10.66,-10.11,-182.54,-184.45,-184.39,-184.42
10.67,-10.5,-191.75,-193.47,-193.4,-193.43
10.68,-10.84,-219.36,-201.72,-201.65,-201.68
10.69,-11.14,-210.16,-209.17,-209.1,-209.13
10.7,-11.4,-219.36,-215.8,-215.73,-215.76
10.71,-11.61,-266.91,-221.58,-221.5,-221.54
10.72,-11.78,-230.1,-226.49,-226.41,-226.45
10.73,-11.9,-236.23,-230.5,-230.42,-230.46
10.74,-11.97,-227.03,-233.6,-233.52,-233.56
10.75,-12,-237.77,-235.79,-235.7,-235.74
10.76,-11.98,-251.57,-237.04,-236.96,-237
10.77,-11.91,-239.3,-237.36,-237.28,-237.32
10.78,-11.8,-245.44,-236.74,-236.66,-236.7
10.79,-11.63,-151.86,-235.19,-235.11,-235.15
10.8,-11.43,-243.9,-232.72,-232.63,-232.67
10.81,-11.17,-239.3,-229.32,-229.24,-229.28
10.82,-10.88,-231.63,-225.02,-224.94,-224.98
10.83,-10.54,-225.5,-219.84,-219.76,-219.8
10.84,-10.16,-214.76,-213.79,-213.71,-213.75
10.85,-9.74,-208.62,-206.89,-206.81,-206.85
10.86,-9.28,-207.09,-199.18,-199.11,-199.14
10.87,-8.78,-190.21,-190.69,-190.61,-190.65
10.88,-8.25,-184.08,-181.44,-181.37,-181.4
10.89,-7.69,-174.87,-171.48,-171.41,-171.44
10.9,-7.09,-161.07,-160.84,-160.77,-160.81
10.91,-6.47,-151.86,-149.56,-149.5,-149.53
10.92,-5.83,-139.59,-137.7,-137.65,-137.67
10.93,-5.16,-125.79,-125.3,-125.25,-125.27
10.94,-4.47,-110.45,-112.4,-112.35,-112.37
10.95,-3.76,-95.11,-99.06,-99.01,-99.03
10.96,-3.04,-79.77,-85.32,-85.28,-85.3
10.97,-2.3,-61.36,-71.25,-71.22,-71.24
10.98,-1.56,-46.02,-56.9,-56.88,-56.89
10.99,-0.81,-32.21,-42.33,-42.31,-42.32
11,-0.06,-19.94,-27.59,-27.57,-27.58
11.01,0.7,-12.27,-12.74,-12.73,-12.73
11.02,1.45,6.14,2.16,2.17,2.17
11.03,2.19,15.34,17.05,17.06,17.05
11.04,2.93,18.41,31.88,31.87,31.88
11.05,3.65,38.35,46.58,46.57,46.57
11.06,4.36,50.62,61.09,61.08,61.08
11.07,5.06,59.83,75.37,75.35,75.36
11.08,5.73,75.17,89.34,89.32,89.33
11.09,6.38,88.97,102.97,102.94,102.95
11.1,7.01,104.31,116.19,116.15,116.17
11.11,7.6,121.18,128.95,128.91,128.93
11.12,8.17,138.06,141.2,141.16,141.18
11.13,8.71,136.52,152.9,152.85,152.87
11.14,9.21,161.07,163.99,163.94,163.96
11.15,9.67,173.34,174.44,174.38,174.41
11.16,10.1,187.15,184.2,184.14,184.17
11.17,10.49,185.61,193.23,193.16,193.2
11.18,10.83,200.95,201.5,201.43,201.47
11.19,11.13,207.09,208.98,208.91,208.94
11.2,11.39,239.3,215.63,215.56,215.59
11.21,11.61,228.56,221.43,221.36,221.39
11.22,11.78,234.7,226.36,226.29,226.32
11.23,11.9,236.23,230.4,230.32,230.36
11.24,11.97,239.3,233.53,233.45,233.49
11.25,12,236.23,235.74,235.66,235.7
11.26,11.98,243.9,237.02,236.93,236.98
11.27,11.91,242.37,237.36,237.28,237.32
11.28,11.8,268.45,236.77,236.69,236.73
11.29,11.64,242.37,235.25,235.16,235.21
11.3,11.43,237.77,232.8,232.71,232.75
11.31,11.18,234.7,229.43,229.34,229.39
11.32,10.89,233.17,225.15,225.07,225.11
11.33,10.55,227.03,219.99,219.91,219.95
11.34,10.17,222.43,213.96,213.88,213.92
11.35,9.75,214.76,207.09,207.01,207.05
11.36,9.29,199.42,199.4,199.33,199.37
11.37,8.8,197.88,190.93,190.86,190.89
11.38,8.27,182.54,181.7,181.63,181.67
11.39,7.7,161.07,171.76,171.69,171.72
11.4,7.11,165.67,161.14,161.07,161.11
11.41,6.49,153.4,149.88,149.82,149.85
11.42,5.84,142.66,138.04,137.98,138.01
11.43,5.18,125.79,125.64,125.59,125.62
11.44,4.49,125.79,112.76,112.71,112.73
11.45,3.78,93.57,99.43,99.38,99.41
11.46,3.06,78.23,85.7,85.67,85.69
11.47,2.32,67.5,71.64,71.61,71.63
11.48,1.58,52.16,57.3,57.27,57.29
11.49,0.83,42.95,42.73,42.71,42.72
11.499,0.08,23.01,28,27.98,27.99
11.509,-0.68,9.2,13.15,13.13,13.14
11.519,-1.43,-3.07,-1.75,-1.76,-1.76
11.529,-2.17,-10.74,-16.64,-16.65,-16.65
11.539,-2.91,-26.08,-31.47,-31.47,-31.47
11.549,-3.63,-46.02,-46.17,-46.17,-46.17
11.559,-4.34,-58.29,-60.7,-60.68,-60.69
11.569,-5.04,-72.1,-74.98,-74.96,-74.97
11.579,-5.71,-82.83,-88.96,-88.94,-88.95
11.589,-6.36,-95.11,-102.6,-102.57,-102.58
11.599,-6.99,-110.45,-115.83,-115.8,-115.81
11.609,-7.59,-118.12,-128.6,-128.57,-128.58
11.619,-8.16,-139.59,-140.87,-140.83,-140.85
11.629,-8.69,-153.4,-152.58,-152.54,-152.56
11.639,-9.19,-161.07,-163.69,-163.64,-163.67
11.649,-9.66,-147.26,-174.16,-174.1,-174.13
11.659,-10.09,-182.54,-183.94,-183.88,-183.91
11.669,-10.48,-196.35,-192.99,-192.93,-192.96
11.679,-10.82,-196.35,-201.28,-201.22,-201.25
11.689,-11.13,-213.22,-208.78,-208.71,-208.75
11.699,-11.39,-219.36,-215.46,-215.39,-215.42
11.709,-11.6,-239.3,-221.28,-221.21,-221.25
11.719,-11.77,-227.03,-226.24,-226.16,-226.2
11.729,-11.89,-230.1,-230.3,-230.22,-230.26
11.739,-11.97,-228.56,-233.46,-233.37,-233.41
11.749,-12,-237.77,-235.69,-235.61,-235.65
11.759,-11.98,-236.23,-236.99,-236.91,-236.95
11.769,-11.92,-237.77,-237.37,-237.28,-237.32
11.779,-11.8,-239.3,-236.8,-236.72,-236.76
11.789,-11.64,-236.23,-235.3,-235.22,-235.26
11.799,-11.44,-233.17,-232.88,-232.79,-232.83
11.809,-11.19,-233.17,-229.53,-229.45,-229.49
11.819,-10.9,-222.43,-225.28,-225.2,-225.24
11.829,-10.56,-225.5,-220.15,-220.07,-220.11
11.839,-10.18,-216.29,-214.14,-214.06,-214.1
11.849,-9.76,-213.22,-207.29,-207.21,-207.25
11.859,-9.3,-199.42,-199.63,-199.55,-199.59
11.869,-8.81,-193.28,-191.17,-191.1,-191.14
11.879,-8.28,-176.41,-181.97,-181.9,-181.93
11.889,-7.72,-173.34,-172.04,-171.97,-172.01
11.899,-7.13,-165.67,-161.44,-161.38,-161.41
11.909,-6.51,-153.4,-150.2,-150.14,-150.17
11.919,-5.86,-138.06,-138.37,-138.31,-138.34
11.929,-5.19,-122.72,-125.99,-125.94,-125.97
11.939,-4.5,-113.51,-113.12,-113.07,-113.09
11.949,-3.8,-98.17,-99.8,-99.76,-99.78
11.959,-3.08,-81.3,-86.09,-86.05,-86.07
11.969,-2.34,-65.96,-72.03,-72,-72.02
11.979,-1.6,-36.82,-57.7,-57.67,-57.68
11.989,-0.85,-36.82,-43.14,-43.11,-43.12
11.999,-0.1,-18.41,-28.4,-28.38,-28.39
12.009,0.66,-9.2,-13.56,-13.54,-13.55
12.019,1.41,0,1.34,1.35,1.35
12.029,2.15,6.14,16.24,16.24,16.24
12.039,2.89,13.81,31.07,31.06,31.06
12.049,3.61,30.68,45.77,45.76,45.77
12.059,4.33,49.09,60.3,60.29,60.29
12.069,5.02,64.43,74.59,74.57,74.58
12.079,5.69,84.37,88.58,88.56,88.57
12.089,6.34,88.97,102.23,102.2,102.21
12.099,6.97,104.31,115.47,115.44,115.45
12.109,7.57,122.72,128.26,128.22,128.24
12.119,8.14,136.52,140.54,140.5,140.52
12.129,8.68,144.19,152.27,152.22,152.24
12.139,9.18,161.07,163.4,163.34,163.37
12.149,9.65,168.74,173.88,173.82,173.85
12.159,10.08,184.08,183.68,183.62,183.65
12.169,10.47,216.29,192.75,192.69,192.72
12.179,10.81,200.95,201.07,201,201.03
12.189,11.12,208.62,208.59,208.52,208.55
12.199,11.38,237.77,215.29,215.21,215.25
12.209,11.6,222.43,221.14,221.06,221.1
12.219,11.77,230.1,226.11,226.04,226.08
12.229,11.89,230.1,230.2,230.12,230.16
12.239,11.97,237.77,233.38,233.3,233.34
12.249,12,243.9,235.64,235.56,235.6
12.259,11.98,240.83,236.97,236.89,236.93
12.269,11.92,248.5,237.37,237.28,237.33
12.279,11.81,257.71,236.83,236.74,236.79
12.289,11.65,243.9,235.36,235.27,235.31
12.299,11.45,240.83,232.95,232.87,232.91
12.309,11.2,242.37,229.64,229.55,229.59
12.319,10.9,233.17,225.41,225.33,225.37
12.329,10.57,230.1,220.3,220.22,220.26
12.339,10.19,222.43,214.32,214.24,214.28
12.349,9.77,216.29,207.49,207.41,207.45
12.359,9.32,199.42,199.85,199.77,199.81
12.369,8.82,199.42,191.41,191.34,191.38
12.379,8.3,185.61,182.23,182.16,182.19
12.389,7.74,179.48,172.32,172.26,172.29
12.399,7.14,165.67,161.74,161.68,161.71
12.409,6.53,151.86,150.52,150.46,150.49
12.419,5.88,139.59,138.7,138.65,138.67
12.429,5.21,127.32,126.34,126.29,126.31
12.439,4.52,116.58,113.48,113.43,113.45
12.449,3.82,93.57,100.17,100.13,100.15
12.459,3.1,81.3,86.47,86.43,86.45
12.469,2.36,69.03,72.43,72.39,72.41
12.479,1.62,53.69,58.1,58.07,58.08
12.489,0.87,39.88,43.54,43.51,43.53
12.499,0.12,23.01,28.81,28.79,28.8
12.509,-0.64,7.67,13.97,13.95,13.96
12.519,-1.39,0,-0.93,-0.94,-0.94
12.529,-2.13,-9.2,-15.83,-15.83,-15.83
12.539,-2.87,-26.08,-30.66,-30.66,-30.66
12.549,-3.59,-39.88,-45.37,-45.36,-45.37
12.559,-4.31,-55.22,-59.9,-59.89,-59.9
12.569,-5,-67.5,-74.2,-74.18,-74.19
12.579,-5.68,-81.3,-88.2,-88.18,-88.19
12.589,-6.33,-92.04,-101.86,-101.83,-101.84
12.599,-6.95,-110.45,-115.11,-115.08,-115.1
12.609,-7.55,-111.98,-127.91,-127.88,-127.89
12.619,-8.12,-139.59,-140.21,-140.17,-140.19
12.629,-8.66,-153.4,-151.95,-151.91,-151.93
12.639,-9.17,-161.07,-163.1,-163.05,-163.07
12.649,-9.64,-93.57,-173.6,-173.54,-173.57
12.659,-10.06,-182.54,-183.42,-183.36,-183.39
12.669,-10.46,-188.68,-192.51,-192.45,-192.48
12.679,-10.8,-193.28,-200.85,-200.78,-200.81
12.689,-11.11,-208.62,-208.39,-208.32,-208.36
12.699,-11.37,-213.22,-215.11,-215.04,-215.08
12.709,-11.59,-219.36,-220.99,-220.91,-220.95
12.719,-11.76,-231.63,-225.99,-225.91,-225.95
12.729,-11.89,-236.23,-230.1,-230.02,-230.06
12.739,-11.97,-184.08,-233.31,-233.23,-233.27
12.749,-12,-239.3,-235.59,-235.51,-235.55
12.759,-11.98,-242.37,-236.95,-236.86,-236.91
12.769,-11.92,-243.9,-237.37,-237.29,-237.33
12.779,-11.81,-242.37,-236.86,-236.77,-236.81
12.789,-11.65,-234.7,-235.41,-235.32,-235.37
12.799,-11.45,-237.77,-233.03,-232.95,-232.99
12.809,-11.2,-234.7,-229.74,-229.66,-229.7
12.819,-10.91,-220.89,-225.54,-225.46,-225.5
12.829,-10.58,-225.5,-220.45,-220.37,-220.41
12.839,-10.2,-223.96,-214.49,-214.41,-214.45
12.849,-9.78,-196.35,-207.69,-207.61,-207.65
12.859,-9.33,-204.02,-200.07,-199.99,-200.03
12.869,-8.84,-196.35,-191.66,-191.58,-191.62
12.879,-8.31,-184.08,-182.49,-182.42,-182.46
12.889,-7.75,-171.81,-172.6,-172.54,-172.57
12.899,-7.16,-162.6,-162.04,-161.97,-162.01
12.909,-6.54,-150.33,-150.83,-150.77,-150.8
12.919,-5.9,-127.32,-139.03,-138.98,-139
12.929,-5.23,-127.32,-126.69,-126.63,-126.66
12.939,-4.54,-113.51,-113.84,-113.79,-113.81
12.949,-3.84,-98.17,-100.54,-100.5,-100.52
12.959,-3.12,-81.3,-86.85,-86.81,-86.83
12.969,-2.38,-65.96,-72.82,-72.78,-72.8
12.979,-1.64,-55.22,-58.49,-58.46,-58.48
12.989,-0.89,-35.28,-43.94,-43.92,-43.93
12.999,-0.14,-18.41,-29.22,-29.2,-29.21
13.009,0.62,-7.67,-14.37,-14.36,-14.37
13.019,1.37,6.14,0.52,0.53,0.53
13.029,2.11,13.81,15.42,15.42,15.42
13.039,2.85,32.21,30.25,30.25,30.25
13.049,3.57,38.35,44.97,44.96,44.96
13.059,4.29,49.09,59.51,59.49,59.5
13.069,4.98,72.1,73.81,73.79,73.8
13.079,5.66,79.77,87.82,87.8,87.81
13.089,6.31,95.11,101.49,101.46,101.47
13.099,6.94,105.84,114.75,114.72,114.74
13.109,7.54,124.25,127.57,127.53,127.55
13.119,8.11,136.52,139.88,139.84,139.86
13.129,8.65,141.13,151.64,151.59,151.62
13.139,9.15,158,162.8,162.75,162.77
13.149,9.62,168.74,173.32,173.27,173.29
13.159,10.05,184.08,183.16,183.1,183.13
13.169,10.45,191.75,192.27,192.21,192.24
13.179,10.8,194.82,200.63,200.56,200.6
13.189,11.1,208.62,208.19,208.13,208.16
13.199,11.37,214.76,214.94,214.87,214.9
13.209,11.59,222.43,220.84,220.76,220.8
13.219,11.76,234.7,225.86,225.79,225.82
13.229,11.89,233.17,230,229.92,229.96
13.239,11.97,234.7,233.23,233.15,233.19
13.249,12,233.17,235.54,235.46,235.5
13.259,11.98,236.23,236.92,236.84,236.88
13.269,11.92,240.83,237.37,237.29,237.33
13.279,11.81,236.23,236.88,236.8,236.84
13.289,11.66,240.83,235.46,235.38,235.42
13.299,11.46,240.83,233.11,233.03,233.07
13.309,11.21,237.77,229.84,229.76,229.8
13.318,10.92,237.77,225.67,225.59,225.63
13.328,10.59,227.03,220.6,220.52,220.56
13.338,10.21,219.36,214.67,214.59,214.63
13.348,9.8,211.69,207.89,207.81,207.85
13.358,9.34,230.1,200.29,200.21,200.25
13.368,8.85,194.82,191.9,191.83,191.86
13.378,8.33,190.21,182.75,182.68,182.72
13.388,7.77,168.74,172.89,172.82,172.85
13.398,7.18,164.14,162.34,162.27,162.3
13.408,6.56,150.33,151.15,151.09,151.12
13.418,5.92,139.59,139.37,139.31,139.34
13.428,5.25,125.79,127.03,126.98,127.01
13.438,4.56,113.51,114.2,114.15,114.17
13.448,3.86,96.64,100.91,100.87,100.89
13.458,3.14,82.83,87.23,87.19,87.21
13.468,2.4,67.5,73.2,73.17,73.19
13.478,1.66,53.69,58.89,58.86,58.88
13.488,0.91,39.88,44.34,44.32,44.33
13.498,0.16,21.48,29.62,29.6,29.61
13.508,-0.59,12.27,14.78,14.77,14.78
13.518,-1.35,0,-0.11,-0.12,-0.12
13.528,-2.09,-9.2,-15.01,-15.01,-15.01
13.538,-2.83,-15.34,-29.85,-29.84,-29.85
13.548,-3.55,-30.68,-44.57,-44.56,-44.56
13.558,-4.27,-49.09,-59.11,-59.1,-59.1
13.568,-4.96,-69.03,-73.42,-73.4,-73.41
13.578,-5.64,-82.83,-87.44,-87.42,-87.43
13.588,-6.29,-93.57,-101.12,-101.09,-101.1
13.598,-6.92,-107.38,-114.4,-114.36,-114.38
13.608,-7.52,-118.12,-127.22,-127.19,-127.2
13.618,-8.09,-134.99,-139.55,-139.51,-139.53
13.628,-8.63,-148.8,-151.32,-151.28,-151.3
13.638,-9.14,-159.53,-162.5,-162.45,-162.48
13.648,-9.61,-168.74,-173.04,-172.99,-173.01
13.658,-10.04,-184.08,-182.9,-182.84,-182.87
13.668,-10.43,-193.28,-192.03,-191.97,-192
13.678,-10.79,-202.49,-200.41,-200.34,-200.38
13.688,-11.09,-202.49,-208,-207.93,-207.96
13.698,-11.36,-216.29,-214.77,-214.69,-214.73
13.708,-11.58,-227.03,-220.69,-220.61,-220.65
13.718,-11.75,-228.56,-225.74,-225.66,-225.7
13.728,-11.88,-230.1,-229.9,-229.82,-229.86
13.738,-11.96,-231.63,-233.15,-233.07,-233.11
13.748,-12,-234.7,-235.49,-235.41,-235.45
13.758,-11.99,-239.3,-236.9,-236.81,-236.86
13.768,-11.93,-317.53,-237.37,-237.29,-237.33
13.778,-11.82,-239.3,-236.91,-236.82,-236.87
13.788,-11.66,-245.44,-235.51,-235.43,-235.47
13.798,-11.46,-242.37,-233.19,-233.1,-233.15
13.808,-11.22,-234.7,-229.94,-229.86,-229.9
13.818,-10.93,-243.9,-225.79,-225.71,-225.75
13.828,-10.6,-222.43,-220.75,-220.67,-220.71
13.838,-10.22,-217.83,-214.84,-214.76,-214.8
13.848,-9.81,-207.09,-208.09,-208.01,-208.05
13.858,-9.36,-207.09,-200.51,-200.43,-200.47
13.868,-8.87,-193.28,-192.14,-192.07,-192.1
13.878,-8.34,-190.21,-183.01,-182.94,-182.98
13.888,-7.78,-171.81,-173.17,-173.1,-173.13
13.898,-7.19,-164.14,-162.64,-162.57,-162.6
13.908,-6.58,-150.33,-151.46,-151.4,-151.43
13.918,-5.93,-136.52,-139.7,-139.64,-139.67
13.928,-5.27,-124.25,-127.38,-127.33,-127.35
13.938,-4.58,-111.98,-114.56,-114.51,-114.53
13.948,-3.88,-101.24,-101.28,-101.24,-101.26
13.958,-3.16,-85.9,-87.61,-87.57,-87.59
13.968,-2.42,-67.5,-73.59,-73.56,-73.58
13.978,-1.68,-53.69,-59.29,-59.26,-59.27
13.988,-0.93,-35.28,-44.75,-44.72,-44.73
13.998,-0.18,-23.01,-30.03,-30.01,-30.02
14.008,0.57,-7.67,-15.19,-15.18,-15.19
14.018,1.33,9.2,-0.3,-0.29,-0.29
14.028,2.07,10.74,14.6,14.6,14.6
14.038,2.81,12.27,29.44,29.44,29.44
14.048,3.54,26.08,44.16,44.16,44.16
14.058,4.25,50.62,58.71,58.7,58.71
14.068,4.94,61.36,73.03,73.01,73.02
14.078,5.62,73.63,87.06,87.04,87.05
14.088,6.27,88.97,100.75,100.72,100.73
14.098,6.9,105.84,114.04,114,114.02
14.108,7.51,119.65,126.88,126.84,126.86
14.118,8.08,136.52,139.22,139.17,139.2
14.128,8.62,144.19,151.01,150.96,150.98
14.138,9.13,158,162.2,162.15,162.18
14.148,9.6,171.81,172.76,172.71,172.73
14.158,10.03,184.08,182.64,182.58,182.61
14.168,10.42,190.21,191.79,191.73,191.76
14.178,10.78,204.02,200.19,200.12,200.16
14.188,11.09,208.62,207.8,207.73,207.76
14.198,11.35,214.76,214.59,214.52,214.55
14.208,11.57,220.89,220.54,220.46,220.5
14.218,11.75,210.16,225.61,225.53,225.57
14.228,11.88,234.7,229.8,229.72,229.76
14.238,11.96,242.37,233.08,233,233.04
14.248,12,243.9,235.44,235.36,235.4
14.258,11.99,245.44,236.87,236.79,236.83
14.268,11.93,245.44,237.37,237.29,237.33
14.278,11.82,246.97,236.93,236.85,236.89
14.288,11.67,242.37,235.56,235.48,235.52
14.298,11.47,236.23,233.26,233.18,233.22
14.308,11.23,234.7,230.05,229.96,230
14.318,10.94,231.63,225.92,225.84,225.88
14.328,10.61,242.37,220.9,220.82,220.86
14.338,10.23,223.96,215.02,214.94,214.98
14.348,9.82,217.83,208.28,208.2,208.24
14.358,9.37,200.95,200.73,200.65,200.69
14.368,8.88,197.88,192.38,192.31,192.34
14.378,8.36,187.15,183.27,183.2,183.24
14.388,7.8,177.94,173.45,173.38,173.41
14.398,7.21,167.2,162.93,162.87,162.9
14.408,6.59,153.4,151.78,151.72,151.75
14.418,5.95,142.66,140.03,139.97,140
14.428,5.29,119.65,127.72,127.67,127.7
14.438,4.6,110.45,114.91,114.87,114.89
14.448,3.9,96.64,101.65,101.61,101.63
14.458,3.18,84.37,87.99,87.95,87.97
14.468,2.44,72.1,73.98,73.95,73.97
14.478,1.7,56.76,59.68,59.65,59.67
14.488,0.95,38.35,45.15,45.12,45.14
14.498,0.2,21.48,30.43,30.42,30.42
14.508,-0.55,1.53,15.6,15.59,15.59
14.518,-1.3,-3.07,0.71,0.7,0.7
14.528,-2.05,-9.2,-14.19,-14.2,-14.19
14.538,-2.79,-21.48,-29.03,-29.03,-29.03
14.548,-3.52,-32.21,-43.76,-43.75,-43.76
14.558,-4.23,-52.16,-58.32,-58.3,-58.31
14.568,-4.92,-69.03,-72.64,-72.62,-72.63
14.578,-5.6,-81.3,-86.68,-86.66,-86.67
14.588,-6.26,-95.11,-100.38,-100.35,-100.36
14.598,-6.89,-105.84,-113.68,-113.65,-113.66
14.608,-7.49,-124.25,-126.53,-126.49,-126.51
14.618,-8.06,-115.05,-138.88,-138.84,-138.86
14.628,-8.61,-147.26,-150.69,-150.65,-150.67
14.638,-9.11,-159.53,-161.9,-161.85,-161.88
14.648,-9.59,-167.2,-172.48,-172.42,-172.45
14.658,-10.02,-162.6,-182.37,-182.31,-182.34
14.668,-10.41,-188.68,-191.55,-191.49,-191.52
14.678,-10.77,-194.82,-199.97,-199.9,-199.94
14.688,-11.08,-285.32,-207.6,-207.53,-207.57
14.698,-11.35,-214.76,-214.42,-214.34,-214.38
14.708,-11.57,-219.36,-220.38,-220.31,-220.35
14.718,-11.75,-294.52,-225.48,-225.41,-225.44
14.728,-11.88,-236.23,-229.69,-229.61,-229.65
14.738,-11.96,-236.23,-233,-232.92,-232.96
14.748,-12,-237.77,-235.39,-235.3,-235.34
14.758,-11.99,-239.3,-236.84,-236.76,-236.8
14.768,-11.93,-240.83,-237.37,-237.29,-237.33
14.778,-11.83,-240.83,-236.96,-236.87,-236.92
14.788,-11.67,-236.23,-235.61,-235.53,-235.57
14.798,-11.48,-242.37,-233.34,-233.26,-233.3
14.808,-11.23,-231.63,-230.15,-230.06,-230.1
14.818,-10.95,-223.96,-226.05,-225.96,-226
14.828,-10.62,-223.96,-221.05,-220.97,-221.01
14.838,-10.24,-223.96,-215.19,-215.11,-215.15
14.848,-9.83,-231.63,-208.48,-208.4,-208.44
14.858,-9.38,-200.95,-200.94,-200.87,-200.91
14.868,-8.89,-199.42,-192.62,-192.55,-192.58
14.878,-8.37,-181.01,-183.53,-183.46,-183.5
14.888,-7.81,-176.41,-173.72,-173.66,-173.69
14.898,-7.23,-162.6,-163.23,-163.17,-163.2
14.908,-6.61,-154.93,-152.09,-152.03,-152.06
14.918,-5.97,-147.26,-140.36,-140.3,-140.33
14.928,-5.31,-113.51,-128.07,-128.02,-128.04
14.938,-4.62,-115.05,-115.27,-115.23,-115.25
14.948,-3.92,-96.64,-102.02,-101.98,-102
14.958,-3.2,-87.44,-88.37,-88.33,-88.35
14.968,-2.46,-70.56,-74.37,-74.34,-74.36
14.978,-1.72,-53.69,-60.08,-60.05,-60.07
14.988,-0.97,-41.42,-45.55,-45.53,-45.54
14.998,-0.22,-16.87,-30.84,-30.82,-30.83
15.008,0.53,-4.6,-16.01,-16,-16
15.018,1.28,4.6,-1.12,-1.11,-1.11
15.028,2.03,12.27,13.78,13.79,13.78
15.038,2.77,26.08,28.63,28.63,28.63
15.048,3.5,36.82,43.36,43.35,43.35
15.058,4.21,47.55,57.92,57.91,57.91
15.068,4.91,59.83,72.25,72.23,72.24
15.078,5.58,75.17,86.3,86.28,86.29
15.088,6.24,88.97,100.01,99.98,99.99
15.098,6.87,107.38,113.32,113.29,113.3
15.108,7.47,121.18,126.18,126.15,126.17
15.118,8.05,121.18,138.55,138.51,138.53
15.128,8.59,144.19,150.37,150.33,150.35
15.137,9.1,156.47,161.6,161.55,161.58
15.147,9.57,171.81,172.2,172.14,172.17
15.157,10.01,173.34,182.11,182.05,182.08
15.167,10.4,190.21,191.31,191.24,191.27
15.177,10.76,200.95,199.75,199.68,199.71
15.187,11.07,211.69,207.4,207.33,207.37
15.197,11.34,219.36,214.24,214.17,214.2
15.207,11.56,222.43,220.23,220.16,220.19
15.217,11.74,227.03,225.35,225.28,225.32
15.227,11.87,231.63,229.59,229.51,229.55
15.237,11.96,239.3,232.92,232.84,232.88
15.247,12,233.17,235.33,235.25,235.29
15.257,11.99,240.83,236.82,236.73,236.77
15.267,11.93,239.3,237.37,237.28,237.32
15.277,11.83,245.44,236.98,236.9,236.94
15.287,11.68,242.37,235.66,235.58,235.62
15.297,11.48,269.98,233.41,233.33,233.37
15.307,11.24,239.3,230.25,230.16,230.2
15.317,10.96,234.7,226.17,226.09,226.13
15.327,10.63,230.1,221.2,221.12,221.16
15.337,10.26,223.96,215.36,215.28,215.32
15.347,9.84,211.69,208.67,208.6,208.63
15.357,9.39,204.02,201.16,201.09,201.12
15.367,8.91,197.88,192.86,192.79,192.82
15.377,8.39,184.08,183.79,183.72,183.76
15.387,7.83,171.81,174,173.94,173.97
15.397,7.24,167.2,163.53,163.46,163.5
15.407,6.63,159.53,152.41,152.35,152.38
15.417,5.99,142.66,140.69,140.63,140.66
15.427,5.32,124.25,128.41,128.36,128.39
15.437,4.64,115.05,115.63,115.58,115.61
15.447,3.94,99.71,102.39,102.35,102.37
15.457,3.22,87.44,88.75,88.71,88.73
15.467,2.48,72.1,74.76,74.73,74.74
15.477,1.74,56.76,60.48,60.45,60.46
15.487,0.99,41.42,45.95,45.93,45.94
15.497,0.24,18.41,31.25,31.23,31.24
15.507,-0.51,4.6,16.42,16.4,16.41
15.517,-1.26,-1.53,1.53,1.52,1.52
15.527,-2.01,-10.74,-13.37,-13.38,-13.38
15.537,-2.75,-23.01,-28.22,-28.22,-28.22
15.547,-3.48,-42.95,-42.96,-42.95,-42.95
15.557,-4.19,-50.62,-57.52,-57.51,-57.52
15.567,-4.89,-70.56,-71.86,-71.84,-71.85
15.577,-5.57,-85.9,-85.92,-85.89,-85.9
15.587,-6.22,-96.64,-99.63,-99.61,-99.62
15.597,-6.85,-108.91,-112.96,-112.93,-112.94
15.607,-7.46,-121.18,-125.84,-125.8,-125.82
15.617,-8.03,-136.52,-138.22,-138.18,-138.2
15.627,-8.58,-144.19,-150.06,-150.01,-150.03
15.637,-9.09,-161.07,-161.3,-161.25,-161.28
15.647,-9.56,-170.27,-171.91,-171.86,-171.89
15.657,-10,-191.75,-181.85,-181.79,-181.82
15.667,-10.39,-196.35,-191.06,-191,-191.03
15.677,-10.75,-199.42,-199.53,-199.46,-199.49
15.687,-11.06,-200.95,-207.2,-207.13,-207.17
15.697,-11.33,-216.29,-214.06,-213.99,-214.03
15.707,-11.56,-220.89,-220.08,-220,-220.04
15.717,-11.74,-237.77,-225.23,-225.15,-225.19
15.727,-11.87,-228.56,-229.49,-229.41,-229.45
15.737,-11.96,-234.7,-232.84,-232.76,-232.8
15.747,-12,-231.63,-235.28,-235.2,-235.24
15.757,-11.99,-239.3,-236.79,-236.71,-236.75
15.767,-11.93,-234.7,-237.36,-237.28,-237.32
15.777,-11.83,-234.7,-237.01,-236.92,-236.96
15.787,-11.68,-237.77,-235.71,-235.63,-235.67
15.797,-11.49,-277.65,-233.49,-233.4,-233.45
15.807,-11.25,-234.7,-230.35,-230.26,-230.3
15.817,-10.96,-231.63,-226.29,-226.21,-226.25
15.827,-10.64,-219.36,-221.35,-221.27,-221.31
15.837,-10.27,-220.89,-215.53,-215.46,-215.49
15.847,-9.86,-210.16,-208.87,-208.79,-208.83
15.857,-9.41,-207.09,-201.38,-201.3,-201.34
15.867,-8.92,-194.82,-193.1,-193.02,-193.06
15.877,-8.4,-190.21,-184.05,-183.98,-184.02
15.887,-7.85,-154.93,-174.28,-174.22,-174.25
15.897,-7.26,-167.2,-163.83,-163.76,-163.79
15.907,-6.65,-153.4,-152.72,-152.66,-152.69
15.917,-6.01,-138.06,-141.02,-140.96,-140.99
15.927,-5.34,-161.07,-128.76,-128.7,-128.73
15.937,-4.66,-111.98,-115.99,-115.94,-115.96
15.947,-3.95,-102.78,-102.76,-102.72,-102.74
15.957,-3.24,-88.97,-89.13,-89.09,-89.11
15.967,-2.5,-72.1,-75.15,-75.12,-75.13
15.977,-1.76,-52.16,-60.87,-60.84,-60.86
15.987,-1.01,-35.28,-46.35,-46.33,-46.34
15.997,-0.26,-18.41,-31.65,-31.63,-31.64
16.007,0.49,-10.74,-16.83,-16.81,-16.82
16.017,1.24,1.53,-1.93,-1.93,-1.93
16.027,1.99,9.2,12.97,12.97,12.97
16.037,2.73,13.81,27.81,27.81,27.81
16.047,3.46,24.54,42.55,42.55,42.55
16.057,4.17,41.42,57.12,57.11,57.12
16.067,4.87,56.76,71.47,71.45,71.46
16.077,5.55,72.1,85.53,85.51,85.52
16.087,6.2,88.97,99.26,99.23,99.25
16.097,6.84,102.78,112.6,112.57,112.58
16.107,7.44,122.72,125.49,125.45,125.47
16.117,8.02,133.46,137.89,137.85,137.87
16.127,8.56,142.66,149.74,149.69,149.72
16.137,9.07,159.53,161,160.95,160.98
16.147,9.55,168.74,171.63,171.58,171.6
16.157,9.99,176.41,181.58,181.53,181.55
16.167,10.38,196.35,190.82,190.76,190.79
16.177,10.74,200.95,199.3,199.24,199.27
16.187,11.05,207.09,207,206.93,206.97
16.197,11.33,214.76,213.88,213.81,213.85
16.207,11.55,219.36,219.92,219.85,219.89
16.217,11.73,219.36,225.1,225.02,225.06
16.227,11.87,233.17,229.38,229.3,229.34
16.237,11.96,234.7,232.76,232.68,232.72
16.247,12,236.23,235.22,235.14,235.18
16.257,11.99,240.83,236.76,236.68,236.72
16.267,11.94,243.9,237.36,237.28,237.32
16.277,11.84,237.77,237.03,236.94,236.99
16.287,11.69,242.37,235.76,235.68,235.72
16.297,11.49,227.03,233.56,233.48,233.52
16.307,11.26,239.3,230.44,230.36,230.4
16.317,10.97,236.23,226.42,226.33,226.38
16.327,10.65,220.89,221.5,221.42,221.46
16.337,10.28,219.36,215.71,215.63,215.67
16.347,9.87,211.69,209.06,208.99,209.02
16.357,9.42,210.16,201.6,201.52,201.56
16.367,8.94,196.35,193.33,193.26,193.3
16.377,8.41,188.68,184.31,184.24,184.27
16.387,7.86,171.81,174.56,174.49,174.53
16.397,7.28,165.67,164.12,164.06,164.09
16.407,6.66,154.93,153.04,152.98,153.01
16.417,6.02,144.19,141.35,141.29,141.32
16.427,5.36,122.72,129.1,129.05,129.07
16.437,4.68,115.05,116.35,116.3,116.32
16.447,3.97,99.71,103.13,103.09,103.11
16.457,3.26,84.37,89.51,89.47,89.49
16.467,2.52,73.63,75.54,75.5,75.52
16.477,1.78,58.29,61.27,61.24,61.25
16.487,1.04,38.35,46.76,46.73,46.74
16.497,0.28,18.41,32.06,32.04,32.05
16.507,-0.47,3.07,17.24,17.22,17.23
16.517,-1.22,-3.07,2.34,2.33,2.34
16.527,-1.97,-12.27,-12.56,-12.56,-12.56
16.537,-2.71,-29.15,-27.41,-27.41,-27.41
16.547,-3.44,-33.75,-42.15,-42.14,-42.15
16.557,-4.15,-44.49,-56.73,-56.71,-56.72
16.567,-4.85,-61.36,-71.08,-71.06,-71.07
16.577,-5.53,-88.97,-85.15,-85.13,-85.14
16.587,-6.19,-93.57,-98.89,-98.86,-98.88
16.597,-6.82,-105.84,-112.24,-112.2,-112.22
16.607,-7.43,-121.18,-125.14,-125.1,-125.12
16.617,-8,-125.79,-137.55,-137.51,-137.53
16.627,-8.55,-136.52,-149.42,-149.38,-149.4
16.637,-9.06,-158,-160.7,-160.65,-160.68
16.647,-9.54,-167.2,-171.35,-171.29,-171.32
16.657,-9.97,-184.08,-181.32,-181.26,-181.29
16.667,-10.37,-191.75,-190.58,-190.51,-190.55
16.677,-10.73,-197.88,-199.08,-199.02,-199.05
16.687,-11.05,-217.83,-206.8,-206.73,-206.77
16.697,-11.32,-213.22,-213.71,-213.64,-213.67
16.707,-11.55,-220.89,-219.77,-219.7,-219.73
16.717,-11.73,-217.83,-224.97,-224.89,-224.93
16.727,-11.87,-233.17,-229.27,-229.2,-229.23
16.737,-11.95,-234.7,-232.68,-232.6,-232.64
16.747,-12,-222.43,-235.17,-235.09,-235.13
16.757,-11.99,-239.3,-236.73,-236.65,-236.69
16.767,-11.94,-234.7,-237.36,-237.27,-237.31
16.777,-11.84,-236.23,-237.05,-236.97,-237.01
16.787,-11.69,-239.3,-235.81,-235.72,-235.76
16.797,-11.5,-251.57,-233.63,-233.55,-233.59
16.807,-11.26,-231.63,-230.54,-230.46,-230.5
16.817,-10.98,-228.56,-226.54,-226.46,-226.5
16.827,-10.66,-219.36,-221.65,-221.56,-221.6
16.837,-10.29,-220.89,-215.88,-215.8,-215.84
16.847,-9.88,-216.29,-209.26,-209.18,-209.22
16.857,-9.43,-199.42,-201.81,-201.74,-201.77
16.867,-8.95,-196.35,-193.57,-193.5,-193.53
16.877,-8.43,-185.61,-184.57,-184.5,-184.53
16.887,-7.88,-107.38,-174.84,-174.77,-174.8
16.897,-7.29,-164.14,-164.42,-164.35,-164.38
16.907,-6.68,-154.93,-153.35,-153.29,-153.32
16.917,-6.04,-141.13,-141.68,-141.62,-141.65
16.927,-5.38,-162.6,-129.44,-129.39,-129.42
16.937,-4.7,-113.51,-116.7,-116.65,-116.68
16.947,-3.99,-98.17,-103.5,-103.46,-103.48
16.956,-3.28,-87.44,-89.89,-89.85,-89.87
16.966,-2.54,-70.56,-75.93,-75.89,-75.91
16.976,-1.8,-52.16,-61.66,-61.63,-61.65
16.986,-1.06,-36.82,-47.16,-47.13,-47.14
16.996,-0.3,-19.94,-32.46,-32.44,-32.45
17.006,0.45,-10.74,-17.64,-17.63,-17.64
17.016,1.2,1.53,-2.75,-2.74,-2.75
17.026,1.95,4.6,12.15,12.15,12.15
17.036,2.69,10.74,27,27,27
17.046,3.42,19.94,41.75,41.74,41.74
17.056,4.13,41.42,56.33,56.32,56.32
17.066,4.83,55.22,70.69,70.67,70.68
17.076,5.51,72.1,84.77,84.75,84.76
17.086,6.17,88.97,98.52,98.49,98.5
17.096,6.8,101.24,111.88,111.84,111.86
17.106,7.41,119.65,124.79,124.76,124.77
17.116,7.99,122.72,137.22,137.18,137.2
17.126,8.53,147.26,149.1,149.06,149.08
17.136,9.05,159.53,160.4,160.35,160.38
17.146,9.52,170.27,171.07,171.01,171.04
17.156,9.96,168.74,181.06,181,181.03
17.166,10.36,185.61,190.33,190.27,190.3
17.176,10.72,200.95,198.86,198.79,198.83
17.186,11.04,207.09,206.6,206.53,206.57
17.196,11.31,213.22,213.53,213.46,213.49
17.206,11.54,225.5,219.61,219.54,219.58
17.216,11.72,231.63,224.83,224.76,224.8
17.226,11.86,236.23,229.17,229.09,229.13
17.236,11.95,239.3,232.6,232.52,232.56
17.246,12,269.98,235.11,235.03,235.07
17.256,11.99,243.9,236.7,236.62,236.66
17.266,11.94,239.3,237.35,237.27,237.31
17.276,11.84,240.83,237.07,236.99,237.03
17.286,11.7,243.9,235.85,235.77,235.81
17.296,11.51,233.17,233.71,233.62,233.66
17.306,11.27,234.7,230.64,230.56,230.6
17.316,10.99,231.63,226.66,226.58,226.62
17.326,10.66,217.83,221.79,221.71,221.75
17.336,10.3,217.83,216.05,215.97,216.01
17.346,9.89,217.83,209.45,209.37,209.41
17.356,9.45,204.02,202.03,201.95,201.99
17.366,8.96,197.88,193.81,193.74,193.77
17.376,8.44,191.75,184.83,184.76,184.79
17.386,7.89,191.75,175.11,175.05,175.08
17.396,7.31,165.67,164.71,164.65,164.68
17.406,6.7,153.4,153.66,153.6,153.63
17.416,6.06,144.19,142,141.95,141.98
17.426,5.4,144.19,129.79,129.73,129.76
17.436,4.72,116.58,117.06,117.01,117.03
17.446,4.01,104.31,103.87,103.82,103.85
17.456,3.3,87.44,90.27,90.23,90.25
17.466,2.57,73.63,76.31,76.28,76.3
17.476,1.82,56.76,62.06,62.03,62.04
17.486,1.08,41.42,47.56,47.53,47.55
17.496,0.32,23.01,32.87,32.85,32.86
17.506,-0.43,4.6,18.05,18.04,18.04
17.516,-1.18,-3.07,3.16,3.15,3.16
17.526,-1.93,-15.34,-11.74,-11.74,-11.74
17.536,-2.67,-35.28,-26.59,-26.59,-26.59
17.546,-3.4,-35.28,-41.34,-41.34,-41.34
17.556,-4.11,-47.55,-55.93,-55.92,-55.92
17.566,-4.81,-64.43,-70.3,-70.28,-70.29
17.576,-5.49,-78.23,-84.39,-84.37,-84.38
17.586,-6.15,-93.57,-98.14,-98.12,-98.13
17.596,-6.79,-107.38,-111.51,-111.48,-111.5
17.606,-7.39,-115.05,-124.44,-124.41,-124.43
17.616,-7.97,-127.32,-136.88,-136.84,-136.86
17.626,-8.52,-141.13,-148.78,-148.74,-148.76
17.636,-9.03,-159.53,-160.1,-160.05,-160.07
17.646,-9.51,-167.2,-170.78,-170.73,-170.75
17.656,-9.95,-184.08,-180.79,-180.73,-180.76
17.666,-10.35,-193.28,-190.09,-190.03,-190.06
17.676,-10.71,-194.82,-198.63,-198.57,-198.6
17.686,-11.03,-214.76,-206.4,-206.33,-206.36
17.696,-11.31,-211.69,-213.35,-213.28,-213.31
17.706,-11.54,-219.36,-219.46,-219.38,-219.42
17.716,-11.72,-223.96,-224.7,-224.63,-224.66
17.726,-11.86,-233.17,-229.06,-228.98,-229.02
17.736,-11.95,-237.77,-232.52,-232.44,-232.48
17.746,-12,-245.44,-235.06,-234.97,-235.01
17.756,-11.99,-237.77,-236.67,-236.59,-236.63
17.766,-11.94,-233.17,-237.35,-237.26,-237.3
17.776,-11.85,-236.23,-237.09,-237.01,-237.05
17.786,-11.7,-236.23,-235.9,-235.82,-235.86
17.796,-11.51,-234.7,-233.78,-233.69,-233.74
17.806,-11.28,-231.63,-230.74,-230.65,-230.69
17.816,-11,-228.56,-226.78,-226.7,-226.74
17.826,-10.67,-190.21,-221.94,-221.86,-221.9
17.836,-10.31,-220.89,-216.22,-216.14,-216.18
17.846,-9.9,-214.76,-209.64,-209.56,-209.6
17.856,-9.46,-190.21,-202.24,-202.17,-202.2
17.866,-8.98,-196.35,-194.04,-193.97,-194.01
17.876,-8.46,-188.68,-185.08,-185.01,-185.05
17.886,-7.91,-185.61,-175.39,-175.32,-175.36
17.896,-7.33,-164.14,-165.01,-164.94,-164.97
17.906,-6.72,-154.93,-153.97,-153.91,-153.94
17.916,-6.08,-144.19,-142.33,-142.28,-142.3
17.926,-5.42,-173.34,-130.13,-130.08,-130.1
17.936,-4.73,-113.51,-117.42,-117.37,-117.39
17.946,-4.03,-101.24,-104.24,-104.19,-104.22
17.956,-3.32,-90.5,-90.65,-90.61,-90.63
17.966,-2.59,-73.63,-76.7,-76.67,-76.68
17.976,-1.84,-55.22,-62.45,-62.42,-62.44
17.986,-1.1,-36.82,-47.96,-47.93,-47.95
17.996,-0.34,-27.61,-33.28,-33.26,-33.27
18.006,0.41,-9.2,-18.46,-18.45,-18.45
18.016,1.16,7.67,-3.57,-3.56,-3.57
18.026,1.91,15.34,11.33,11.33,11.33
18.036,2.65,16.87,26.19,26.19,26.19
18.046,3.38,30.68,40.94,40.93,40.94
18.056,4.09,42.95,55.53,55.52,55.53
18.066,4.79,61.36,69.91,69.89,69.9
18.076,5.47,75.17,84,83.98,83.99
18.086,6.13,92.04,97.77,97.74,97.76
18.096,6.77,105.84,111.15,111.12,111.14
18.106,7.38,119.65,124.1,124.06,124.08
18.116,7.96,125.79,136.55,136.51,136.53
18.126,8.5,144.19,148.47,148.42,148.44
18.136,9.02,154.93,159.8,159.75,159.77
18.146,9.5,168.74,170.5,170.44,170.47
18.156,9.94,170.27,180.52,180.47,180.5
18.166,10.34,190.21,189.84,189.78,189.81
18.176,10.7,196.35,198.41,198.34,198.38
18.186,11.02,211.69,206.2,206.13,206.16
18.196,11.3,211.69,213.17,213.1,213.13
18.206,11.53,219.36,219.3,219.23,219.26
18.216,11.72,222.43,224.57,224.49,224.53
18.226,11.86,233.17,228.95,228.88,228.91
18.236,11.95,234.7,232.43,232.35,232.39
18.246,11.99,230.1,235,234.92,234.96
18.256,11.99,237.77,236.64,236.55,236.59
18.266,11.94,245.44,237.34,237.26,237.3
18.276,11.85,239.3,237.11,237.03,237.07
18.286,11.71,243.9,235.94,235.86,235.9
18.296,11.52,239.3,233.85,233.77,233.81
18.306,11.28,240.83,230.83,230.75,230.79
18.316,11.01,237.77,226.9,226.82,226.86
18.326,10.68,231.63,222.08,222,222.04
18.336,10.32,219.36,216.38,216.3,216.34
18.346,9.91,211.69,209.83,209.76,209.79
18.356,9.47,205.55,202.46,202.38,202.42
18.366,8.99,199.42,194.28,194.21,194.24
18.376,8.47,185.61,185.34,185.27,185.3
18.386,7.92,174.87,175.67,175.6,175.63
18.396,7.34,168.74,165.3,165.24,165.27
18.406,6.73,161.07,154.28,154.22,154.25
18.416,6.1,145.73,142.66,142.6,142.63
18.426,5.44,127.32,130.47,130.42,130.45
18.436,4.75,115.05,117.77,117.72,117.75
18.446,4.05,101.24,104.61,104.56,104.58
18.456,3.34,88.97,91.03,90.99,91.01
18.466,2.61,73.63,77.09,77.05,77.07
18.476,1.87,58.29,62.85,62.82,62.83
18.486,1.12,38.35,48.36,48.34,48.35
18.496,0.37,24.54,33.68,33.66,33.67
18.506,-0.39,12.27,18.87,18.85,18.86
18.516,-1.14,-4.6,3.98,3.97,3.98
18.526,-1.89,-9.2,-10.92,-10.92,-10.92
18.536,-2.63,-13.81,-25.78,-25.78,-25.78
18.546,-3.36,-24.54,-40.54,-40.53,-40.53
18.556,-4.07,-58.29,-55.13,-55.12,-55.13
18.566,-4.77,-53.69,-69.51,-69.5,-69.51
18.576,-5.45,-76.7,-83.62,-83.6,-83.61
18.586,-6.11,-93.57,-97.4,-97.37,-97.38
18.596,-6.75,-107.38,-110.79,-110.76,-110.77
18.606,-7.36,-119.65,-123.75,-123.71,-123.73
18.616,-7.94,-130.39,-136.21,-136.17,-136.19
18.626,-8.49,-133.46,-148.15,-148.1,-148.12
18.636,-9,-156.47,-159.49,-159.44,-159.47
18.646,-9.48,-167.2,-170.21,-170.16,-170.18
18.656,-9.93,-179.48,-180.26,-180.2,-180.23
18.666,-10.33,-190.21,-189.6,-189.53,-189.56
18.676,-10.69,-193.28,-198.18,-198.12,-198.15
18.686,-11.01,-210.16,-205.99,-205.92,-205.96
18.696,-11.29,-207.09,-212.99,-212.92,-212.95
18.706,-11.52,-220.89,-219.14,-219.07,-219.11
18.716,-11.71,-222.43,-224.44,-224.36,-224.4
18.726,-11.85,-231.63,-228.85,-228.77,-228.81
18.736,-11.95,-236.23,-232.35,-232.27,-232.31
18.746,-11.99,-233.17,-234.94,-234.86,-234.9
18.756,-11.99,-239.3,-236.6,-236.52,-236.56
18.766,-11.95,-239.3,-237.33,-237.25,-237.29
18.775,-11.85,-230.1,-237.13,-237.04,-237.09
18.785,-11.71,-236.23,-235.99,-235.91,-235.95
18.795,-11.52,-233.17,-233.92,-233.84,-233.88
18.805,-11.29,-231.63,-230.93,-230.84,-230.88
18.815,-11.01,-228.56,-227.02,-226.94,-226.98
18.825,-10.69,-217.83,-222.23,-222.15,-222.19
18.835,-10.33,-220.89,-216.55,-216.47,-216.51
18.845,-9.93,-214.76,-210.02,-209.95,-209.99
18.855,-9.48,-202.49,-202.67,-202.59,-202.63
18.865,-9,-196.35,-194.52,-194.44,-194.48
18.875,-8.49,-188.68,-185.59,-185.52,-185.56
18.885,-7.94,-181.01,-175.94,-175.87,-175.91
18.895,-7.36,-168.74,-165.59,-165.53,-165.56
18.905,-6.75,-158,-154.6,-154.54,-154.56
18.915,-6.11,-142.66,-142.99,-142.93,-142.96
18.925,-5.45,-138.06,-130.81,-130.76,-130.79
18.935,-4.77,-95.11,-118.13,-118.08,-118.1
18.945,-4.07,-104.31,-104.97,-104.93,-104.95
18.955,-3.36,-92.04,-91.41,-91.37,-91.39
18.965,-2.63,-73.63,-77.48,-77.44,-77.46
18.975,-1.89,-58.29,-63.24,-63.21,-63.23
18.985,-1.14,-39.88,-48.76,-48.74,-48.75
18.995,-0.39,-23.01,-34.09,-34.07,-34.08
19.005,0.37,-12.27,-19.28,-19.26,-19.27
19.015,1.12,1.53,-4.39,-4.38,-4.39
19.025,1.87,6.14,10.51,10.52,10.51
19.035,2.61,10.74,25.37,25.37,25.37
19.045,3.34,21.48,40.13,40.13,40.13
19.055,4.05,42.95,54.74,54.72,54.73
19.065,4.75,59.83,69.12,69.11,69.11
19.075,5.44,75.17,83.24,83.22,83.23
19.085,6.1,90.5,97.02,97,97.01
19.095,6.73,105.84,110.43,110.4,110.41
19.105,7.34,119.65,123.4,123.36,123.38
19.115,7.92,144.19,135.88,135.84,135.86
19.125,8.47,145.73,147.83,147.78,147.8
19.135,8.99,156.47,159.19,159.14,159.16
19.145,9.47,171.81,169.93,169.87,169.9
19.155,9.92,200.95,179.99,179.93,179.96
19.165,10.32,182.54,189.35,189.29,189.32
19.175,10.68,204.02,197.96,197.89,197.93
19.185,11.01,204.02,205.79,205.72,205.75
19.195,11.28,214.76,212.81,212.74,212.77
19.205,11.52,223.96,218.99,218.91,218.95
19.215,11.71,220.89,224.3,224.23,224.27
19.225,11.85,233.17,228.74,228.66,228.7
19.235,11.94,239.3,232.27,232.19,232.23
19.245,11.99,240.83,234.88,234.8,234.84
19.255,11.99,243.9,236.57,236.49,236.53
19.265,11.95,251.57,237.33,237.24,237.28
19.275,11.86,245.44,237.15,237.06,237.1
19.285,11.72,242.37,236.03,235.95,235.99
19.295,11.53,253.11,233.99,233.9,233.95
19.305,11.3,236.23,231.02,230.94,230.98
19.315,11.02,231.63,227.14,227.06,227.1
19.325,10.7,230.1,222.37,222.29,222.33
19.335,10.34,228.56,216.72,216.64,216.68
19.345,9.94,217.83,210.22,210.14,210.18
19.355,9.5,207.09,202.88,202.81,202.84
19.365,9.02,194.82,194.75,194.68,194.71
19.375,8.5,185.61,185.85,185.78,185.81
19.385,7.95,184.08,176.22,176.15,176.18
19.395,7.38,168.74,165.89,165.82,165.86
19.405,6.77,153.4,154.91,154.85,154.88
19.415,6.13,141.13,143.31,143.26,143.28
19.425,5.47,131.92,131.16,131.1,131.13
19.435,4.79,113.51,118.48,118.43,118.46
19.445,4.09,102.78,105.34,105.3,105.32
19.455,3.38,87.44,91.78,91.74,91.76
19.465,2.65,73.63,77.86,77.83,77.85
19.475,1.91,59.83,63.64,63.61,63.62
19.485,1.16,42.95,49.16,49.14,49.15
19.495,0.41,24.54,34.49,34.47,34.48
19.505,-0.35,4.6,19.69,19.67,19.68
19.515,-1.1,-1.53,4.8,4.79,4.8
19.525,-1.85,-6.14,-10.1,-10.11,-10.1
19.535,-2.59,-16.87,-24.96,-24.96,-24.96
19.545,-3.32,-32.21,-39.73,-39.72,-39.73
19.555,-4.03,-39.88,-54.34,-54.33,-54.33
19.565,-4.74,-38.35,-68.73,-68.71,-68.72
19.575,-5.42,-67.5,-82.85,-82.83,-82.84
19.585,-6.08,-88.97,-96.65,-96.62,-96.64
19.595,-6.72,-108.91,-110.07,-110.03,-110.05
19.605,-7.33,-116.58,-123.05,-123.01,-123.03
19.615,-7.91,-130.39,-135.54,-135.5,-135.52
19.625,-8.46,-138.06,-147.5,-147.46,-147.48
19.635,-8.98,-141.13,-158.89,-158.84,-158.86
19.645,-9.46,-164.14,-169.64,-169.59,-169.61
19.655,-9.9,-181.01,-179.72,-179.67,-179.7
19.665,-10.31,-188.68,-189.1,-189.04,-189.07
19.675,-10.67,-193.28,-197.73,-197.67,-197.7
19.685,-11,-205.55,-205.58,-205.52,-205.55
19.695,-11.28,-274.58,-212.63,-212.55,-212.59
19.705,-11.51,-220.89,-218.83,-218.76,-218.79
19.715,-11.7,-223.96,-224.17,-224.09,-224.13
19.725,-11.85,-228.56,-228.63,-228.55,-228.59
19.735,-11.94,-233.17,-232.18,-232.1,-232.14
19.745,-11.99,-230.1,-234.82,-234.74,-234.78
19.755,-12,-236.23,-236.54,-236.45,-236.49
19.765,-11.95,-237.77,-237.32,-237.23,-237.28
19.775,-11.86,-234.7,-237.16,-237.08,-237.12
19.785,-11.72,-236.23,-236.08,-235.99,-236.03
19.795,-11.54,-236.23,-234.06,-233.97,-234.01
19.805,-11.3,-217.83,-231.11,-231.03,-231.07
19.815,-11.03,-230.1,-227.26,-227.18,-227.22
19.825,-10.71,-222.43,-222.51,-222.43,-222.47
19.835,-10.35,-220.89,-216.89,-216.81,-216.85
19.845,-9.95,-216.29,-210.41,-210.33,-210.37
19.855,-9.51,-213.22,-203.1,-203.02,-203.06
19.865,-9.03,-197.88,-194.98,-194.91,-194.95
19.875,-8.52,-191.75,-186.1,-186.03,-186.07
19.885,-7.97,-179.48,-176.49,-176.42,-176.46
19.895,-7.39,-162.6,-166.18,-166.12,-166.15
19.905,-6.78,-154.93,-155.22,-155.16,-155.19
19.915,-6.15,-144.19,-143.64,-143.58,-143.61
19.925,-5.49,-130.39,-131.5,-131.44,-131.47
19.935,-4.81,-111.98,-118.84,-118.79,-118.81
19.945,-4.11,-104.31,-105.71,-105.66,-105.68
19.955,-3.4,-88.97,-92.16,-92.12,-92.14
19.965,-2.67,-75.17,-78.25,-78.22,-78.23
19.975,-1.93,-58.29,-64.03,-64,-64.02
19.985,-1.18,-42.95,-49.56,-49.54,-49.55
19.995,-0.43,-27.61,-34.9,-34.88,-34.89
