0.01,0,0,0,0,0
0.02,0,0,0,0,0
0.03,0,0,0,0,0
0.04,0,0,0,0,0
0.05,0,0,0,0,0
0.06,0,0,0,0,0
0.07,0,0,0,0,0
0.08,0,0,0,0,0
0.09,0,0,0,0,0
0.1,0,0,0,0,0
0.11,0,0,0,0,0
0.12,0,0,0,0,0
0.13,0,0,0,0,0
0.14,0,0,0,0,0
0.15,0,0,0,0,0
0.16,0,0,0,0,0
0.17,0,0,0,0,0
0.18,0,0,0,0,0
0.19,0,0,0,0,0
0.2,0,0,0,0,0
0.21,0,0,0,0,0
0.22,0,0,0,0,0
0.23,0,0,0,0,0
0.24,0,0,0,0,0
0.25,0,0,0,0,0
0.26,0,0,0,0,0
0.27,0,0,0,0,0
0.28,0,0,0,0,0
0.29,0,0,0,0,0
0.3,0,0,0,0,0
0.31,0,0,0,0,0
0.32,0,0,0,0,0
0.33,0,0,0,0,0
0.34,0,0,0,0,0
0.35,0,0,0,0,0
0.36,0,0,0,0,0
0.37,0,0,0,0,0
0.38,0,0,0,0,0
0.39,0,0,0,0,0
0.4,0,0,0,0,0
0.41,0,0,0,0,0
0.42,0,0,0,0,0
0.43,0,0,0,0,0
0.44,0,0,0,0,0
0.45,0,0,0,0,0
0.46,0,0,0,0,0
0.47,0,0,0,0,0
0.48,0,0,0,0,0
0.49,0,0,0,0,0
0.5,0,0,0,0,0
0.51,0,0,0,0,0
0.52,0,0,0,0,0
0.53,0,0,0,0,0
0.54,0,0,0,0,0
0.55,0,0,0,0,0
0.56,0,0,0,0,0
0.57,0,0,0,0,0
0.58,0,0,0,0,0
0.59,0,0,0,0,0
0.6,0,0,0,0,0
0.61,0,0,0,0,0
0.62,0,0,0,0,0
0.63,0,0,0,0,0
0.64,0,0,0,0,0
0.65,0,0,0,0,0
0.66,0,0,0,0,0
0.67,0,0,0,0,0
0.68,0,0,0,0,0
0.69,0,0,0,0,0
0.7,0,0,0,0,0
0.71,0,0,0,0,0
0.72,0,0,0,0,0
0.73,0,0,0,0,0
0.74,0,0,0,0,0
0.75,0,0,0,0,0
0.76,0,0,0,0,0
0.77,0,0,0,0,0
0.78,0,0,0,0,0
0.79,0,0,0,0,0
0.8,0,0,0,0,0
0.81,0,0,0,0,0
0.82,0,0,0,0,0
0.83,0,0,0,0,0
0.84,0,0,0,0,0
0.85,0,0,0,0,0
0.86,0,0,0,0,0
0.87,0,0,0,0,0
0.88,0,0,0,0,0
0.89,0,0,0,0,0
0.9,0,0,0,0,0
0.91,0,0,0,0,0
0.92,0,0,0,0,0
0.93,0,0,0,0,0
0.94,0,0,0,0,0
0.95,0,0,0,0,0
0.96,0,0,0,0,0
0.97,0,0,0,0,0
0.98,0,0,0,0,0
0.99,0,0,0,0,0
1,0,0,0,0,0
1.01,0.01,0,0.03,0.04,0.03
1.02,0.02,0,0.13,0.14,0.14
1.03,0.03,0,0.28,0.29,0.29
1.04,0.04,0,0.45,0.46,0.46
1.05,0.05,0,0.64,0.64,0.64
1.06,0.06,0,0.83,0.83,0.83
1.07,0.07,0,1.02,1.02,1.02
1.08,0.08,0,1.22,1.22,1.22
1.09,0.09,0,1.42,1.42,1.42
1.1,0.1,0,1.61,1.61,1.61
1.11,0.11,0,1.81,1.81,1.81
1.12,0.12,0,2.01,2.01,2.01
1.13,0.13,0,2.21,2.21,2.21
1.14,0.14,0,2.41,2.41,2.41
1.15,0.15,0,2.61,2.61,2.61
1.16,0.16,0,2.81,2.81,2.81
1.17,0.17,0,3.01,3.01,3.01
1.18,0.18,0,3.2,3.2,3.2
1.19,0.19,0,3.4,3.4,3.4
1.2,0.2,0,3.6,3.6,3.6
1.21,0.21,0,3.8,3.8,3.8
1.22,0.22,0,4,4,4
1.23,0.23,0,4.2,4.2,4.2
1.24,0.24,0,4.4,4.4,4.4
1.25,0.25,0,4.6,4.6,4.6
1.26,0.26,0,4.8,4.8,4.8
1.27,0.27,0,4.99,4.99,4.99
1.28,0.28,0,5.19,5.19,5.19
1.29,0.29,0,5.39,5.39,5.39
1.3,0.3,0,5.59,5.59,5.59
1.31,0.31,0,5.79,5.79,5.79
1.32,0.32,0,5.99,5.99,5.99
1.33,0.33,0,6.19,6.19,6.19
1.34,0.34,0,6.39,6.39,6.39
1.35,0.35,0,6.59,6.59,6.59
1.36,0.36,0,6.78,6.78,6.78
1.37,0.37,0,6.98,6.98,6.98
1.38,0.38,0,7.18,7.18,7.18
1.39,0.39,0,7.38,7.38,7.38
1.4,0.4,0,7.58,7.58,7.58
1.41,0.41,0,7.78,7.78,7.78
1.42,0.42,0,7.98,7.98,7.98
1.43,0.43,0,8.18,8.18,8.18
1.44,0.44,0,8.38,8.38,8.38
1.45,0.45,0,8.58,8.57,8.58
1.46,0.46,0,8.77,8.77,8.77
1.47,0.47,0,8.97,8.97,8.97
1.48,0.48,0,9.17,9.17,9.17
1.49,0.49,0,9.37,9.37,9.37
1.5,0.5,0,9.57,9.57,9.57
1.51,0.51,0,9.77,9.77,9.77
1.52,0.52,0,9.97,9.97,9.97
1.53,0.53,0,10.17,10.17,10.17
1.54,0.54,0,10.37,10.37,10.37
1.55,0.55,0,10.56,10.56,10.56
1.56,0.56,0,10.76,10.76,10.76
1.57,0.57,0,10.96,10.96,10.96
1.58,0.58,0,11.16,11.16,11.16
1.59,0.59,0,11.36,11.36,11.36
1.6,0.6,0,11.56,11.56,11.56
1.61,0.61,0,11.76,11.76,11.76
1.62,0.62,0,11.96,11.96,11.96
1.63,0.63,0,12.16,12.16,12.16
1.64,0.64,0,12.35,12.35,12.35
1.65,0.65,0,12.55,12.55,12.55
1.66,0.66,0,12.75,12.75,12.75
1.67,0.67,0,12.95,12.95,12.95
1.68,0.68,0,13.15,13.15,13.15
1.69,0.69,0,13.35,13.35,13.35
1.7,0.7,0,13.55,13.55,13.55
1.71,0.71,0,13.75,13.75,13.75
1.72,0.72,0,13.95,13.95,13.95
1.73,0.73,0,14.14,14.14,14.14
1.74,0.74,0,14.34,14.34,14.34
1.75,0.75,0,14.54,14.54,14.54
1.76,0.76,0,14.74,14.74,14.74
1.77,0.77,0,14.94,14.94,14.94
1.78,0.78,0,15.14,15.14,15.14
1.79,0.79,0,15.34,15.34,15.34
1.8,0.8,0,15.54,15.54,15.54
1.81,0.81,0,15.74,15.74,15.74
1.82,0.82,0,15.93,15.93,15.93
1.83,0.83,0,16.13,16.13,16.13
1.84,0.84,0,16.33,16.33,16.33
1.85,0.85,0,16.53,16.53,16.53
1.86,0.86,0,16.73,16.73,16.73
1.87,0.87,0,16.93,16.93,16.93
1.88,0.88,0,17.13,17.13,17.13
1.89,0.89,0,17.33,17.33,17.33
1.9,0.9,0,17.53,17.53,17.53
1.91,0.91,0,17.72,17.72,17.72
1.92,0.92,0,17.92,17.92,17.92
1.93,0.93,0,18.12,18.12,18.12
1.94,0.94,0,18.32,18.32,18.32
1.95,0.95,0,18.52,18.52,18.52
1.96,0.96,0,18.72,18.72,18.72
1.97,0.97,0,18.92,18.92,18.92
1.98,0.98,0,19.12,19.12,19.12
1.99,0.99,0,19.32,19.32,19.32
2,1,0,19.51,19.51,19.51
2.01,1.01,0,19.71,19.71,19.71
2.02,1.02,0,19.91,19.91,19.91
2.03,1.03,0,20.11,20.11,20.11
2.04,1.04,0,20.31,20.31,20.31
2.05,1.05,0,20.51,20.51,20.51
2.06,1.06,0,20.71,20.71,20.71
2.07,1.07,0,20.91,20.91,20.91
2.08,1.08,0,21.11,21.11,21.11
2.09,1.09,0,21.3,21.3,21.3
2.1,1.1,0,21.5,21.5,21.5
2.11,1.11,0,21.7,21.7,21.7
2.12,1.12,0,21.9,21.9,21.9
2.13,1.13,0,22.1,22.1,22.1
2.14,1.14,0,22.3,22.3,22.3
2.15,1.15,0,22.5,22.5,22.5
2.16,1.16,0,22.7,22.7,22.7
2.17,1.17,0,22.9,22.9,22.9
2.18,1.18,0,23.09,23.09,23.09
2.19,1.19,0,23.29,23.29,23.29
2.2,1.2,0,23.49,23.49,23.49
2.21,1.21,0,23.69,23.69,23.69
2.22,1.22,0,23.89,23.89,23.89
2.23,1.23,0,24.09,24.09,24.09
2.24,1.24,0,24.29,24.29,24.29
2.25,1.25,0,24.49,24.49,24.49
2.26,1.26,0,24.69,24.69,24.69
2.27,1.27,0,24.88,24.88,24.88
2.28,1.28,0,25.08,25.08,25.08
2.29,1.29,0,25.28,25.28,25.28
2.3,1.3,0,25.48,25.48,25.48
2.31,1.31,0,25.68,25.68,25.68
2.32,1.32,0,25.88,25.88,25.88
2.33,1.33,0,26.08,26.08,26.08
2.34,1.34,0,26.28,26.28,26.28
2.35,1.35,0,26.48,26.48,26.48
2.36,1.36,0,26.67,26.67,26.67
2.37,1.37,0,26.87,26.87,26.87
2.38,1.38,0,27.07,27.07,27.07
2.39,1.39,0,27.27,27.27,27.27
2.4,1.4,0,27.47,27.47,27.47
2.41,1.41,0,27.67,27.67,27.67
2.42,1.42,0,27.87,27.87,27.87
2.43,1.43,0,28.07,28.07,28.07
2.44,1.44,0,28.27,28.27,28.27
2.45,1.45,0,28.46,28.46,28.46
2.46,1.46,0,28.66,28.66,28.66
2.47,1.47,0,28.86,28.86,28.86
2.48,1.48,0.77,29.06,29.06,29.06
2.49,1.49,0.77,29.26,29.26,29.26
2.5,1.5,0.77,29.46,29.46,29.46
2.51,1.51,0,29.66,29.66,29.66
2.52,1.52,0,29.86,29.86,29.86
2.53,1.53,0,30.06,30.06,30.06
2.54,1.54,0,30.25,30.25,30.25
2.55,1.55,0,30.45,30.45,30.45
2.56,1.56,0,30.65,30.65,30.65
2.57,1.57,0,30.85,30.85,30.85
2.58,1.58,0,31.05,31.05,31.05
2.59,1.59,0.77,31.25,31.25,31.25
2.6,1.6,1.53,31.45,31.45,31.45
2.61,1.61,0.77,31.65,31.65,31.65
2.62,1.62,1.53,31.85,31.85,31.85
2.63,1.63,0,32.04,32.04,32.04
2.64,1.64,1.53,32.24,32.24,32.24
2.65,1.65,1.53,32.44,32.44,32.44
2.66,1.66,1.53,32.64,32.64,32.64
2.67,1.67,3.83,32.84,32.84,32.84
2.68,1.68,6.14,33.04,33.04,33.04
2.69,1.69,13.04,33.24,33.24,33.24
2.7,1.7,18.41,33.44,33.44,33.44
2.71,1.71,25.31,33.64,33.64,33.64
2.72,1.72,17.64,33.83,33.83,33.83
2.73,1.73,18.41,34.03,34.03,34.03
2.74,1.74,20.71,34.23,34.23,34.23
2.75,1.75,13.04,34.43,34.43,34.43
2.76,1.76,14.57,34.63,34.63,34.63
2.77,1.77,19.17,34.83,34.83,34.83
2.78,1.78,24.54,35.03,35.03,35.03
2.79,1.79,19.94,35.23,35.23,35.23
2.8,1.8,25.31,35.43,35.43,35.43
2.81,1.81,21.48,35.62,35.62,35.62
2.82,1.82,20.71,35.82,35.82,35.82
2.83,1.83,29.15,36.02,36.02,36.02
2.84,1.84,26.84,36.22,36.22,36.22
2.85,1.85,29.91,36.42,36.42,36.42
2.86,1.86,26.84,36.62,36.62,36.62
2.87,1.87,27.61,36.82,36.82,36.82
2.88,1.88,32.21,37.02,37.02,37.02
2.89,1.89,29.91,37.22,37.22,37.22
2.9,1.9,29.91,37.41,37.41,37.41
2.91,1.91,26.08,37.61,37.61,37.61
2.92,1.92,31.45,37.81,37.81,37.81
2.93,1.93,25.31,38.01,38.01,38.01
2.94,1.94,28.38,38.21,38.21,38.21
2.95,1.95,22.24,38.41,38.41,38.41
2.96,1.96,24.54,38.61,38.61,38.61
2.97,1.97,29.15,38.81,38.81,38.81
2.98,1.98,23.01,39.01,39,39.01
2.99,1.99,25.31,39.2,39.2,39.2
3,2,19.17,39.4,39.4,39.4
3.01,2.01,20.71,39.6,39.6,39.6
3.02,2.02,29.15,39.8,39.8,39.8
3.03,2.03,24.54,40,40,40
3.04,2.04,28.38,40.2,40.2,40.2
3.05,2.05,23.01,40.4,40.4,40.4
3.06,2.06,27.61,40.6,40.6,40.6
3.07,2.07,32.21,40.8,40.79,40.8
3.08,2.08,31.45,40.99,40.99,40.99
3.09,2.09,32.98,41.19,41.19,41.19
3.1,2.1,33.75,41.39,41.39,41.39
3.11,2.11,35.28,41.59,41.59,41.59
3.12,2.12,38.35,41.79,41.79,41.79
3.13,2.13,33.75,41.99,41.99,41.99
3.14,2.14,36.05,42.19,42.19,42.19
3.15,2.15,31.45,42.39,42.39,42.39
3.16,2.16,32.98,42.59,42.58,42.59
3.17,2.17,27.61,42.78,42.78,42.78
3.18,2.18,33.75,42.98,42.98,42.98
3.19,2.19,27.61,43.18,43.18,43.18
3.2,2.2,31.45,43.38,43.38,43.38
3.21,2.21,25.31,43.58,43.58,43.58
3.22,2.22,29.15,43.78,43.78,43.78
3.23,2.23,30.68,43.98,43.98,43.98
3.24,2.24,32.21,44.18,44.18,44.18
3.25,2.25,28.38,44.37,44.37,44.38
3.26,2.26,34.51,44.57,44.57,44.57
3.27,2.27,34.51,44.77,44.77,44.77
3.28,2.28,38.35,44.97,44.97,44.97
3.29,2.29,35.28,45.17,45.17,45.17
3.3,2.3,40.65,45.37,45.37,45.37
3.31,2.31,36.82,45.57,45.57,45.57
3.32,2.32,37.58,45.77,45.77,45.77
3.33,2.33,40.65,45.97,45.97,45.97
3.34,2.34,36.05,46.16,46.16,46.16
3.35,2.35,35.28,46.36,46.36,46.36
3.36,2.36,30.68,46.56,46.56,46.56
3.37,2.37,36.82,46.76,46.76,46.76
3.38,2.38,33.75,46.96,46.96,46.96
3.39,2.39,29.15,47.16,47.16,47.16
3.4,2.4,31.45,47.36,47.36,47.36
3.41,2.41,32.21,47.56,47.56,47.56
3.42,2.42,35.28,47.76,47.76,47.76
3.43,2.43,32.21,47.95,47.95,47.95
3.44,2.44,40.65,48.15,48.15,48.15
3.45,2.45,38.35,48.35,48.35,48.35
3.46,2.46,41.42,48.55,48.55,48.55
3.47,2.47,42.95,48.75,48.75,48.75
3.48,2.48,41.42,48.95,48.95,48.95
3.49,2.49,41.42,49.15,49.15,49.15
3.5,2.5,42.95,49.35,49.35,49.35
3.51,2.51,39.12,49.55,49.55,49.55
3.52,2.52,39.12,49.74,49.74,49.74
3.53,2.53,38.35,49.94,49.94,49.94
3.54,2.54,39.88,50.14,50.14,50.14
3.55,2.55,39.88,50.34,50.34,50.34
3.56,2.56,36.05,50.54,50.54,50.54
3.57,2.57,39.88,50.74,50.74,50.74
3.58,2.58,42.18,50.94,50.94,50.94
3.59,2.59,39.12,51.14,51.14,51.14
3.6,2.6,42.95,51.34,51.34,51.34
3.61,2.61,46.79,51.53,51.53,51.53
3.62,2.62,42.95,51.73,51.73,51.73
3.63,2.63,45.25,51.93,51.93,51.93
3.64,2.64,46.79,52.13,52.13,52.13
3.65,2.65,42.18,52.33,52.33,52.33
3.66,2.66,42.18,52.53,52.53,52.53
3.67,2.67,42.95,52.73,52.73,52.73
3.68,2.68,41.42,52.93,52.93,52.93
3.69,2.69,43.72,53.13,53.13,53.13
3.7,2.7,44.49,53.32,53.32,53.32
3.71,2.71,42.95,53.52,53.52,53.52
3.72,2.72,43.72,53.72,53.72,53.72
3.73,2.73,42.95,53.92,53.92,53.92
3.74,2.74,47.55,54.12,54.12,54.12
3.75,2.75,45.25,54.32,54.32,54.32
3.76,2.76,43.72,54.52,54.52,54.52
3.77,2.77,49.09,54.72,54.72,54.72
3.78,2.78,49.09,54.92,54.92,54.92
3.79,2.79,44.49,55.11,55.11,55.11
3.8,2.8,45.25,55.31,55.31,55.31
3.81,2.81,42.95,55.51,55.51,55.51
3.82,2.82,51.39,55.71,55.71,55.71
3.83,2.83,46.02,55.91,55.91,55.91
3.84,2.84,44.49,56.11,56.11,56.11
3.85,2.85,48.32,56.31,56.31,56.31
3.86,2.86,49.09,56.51,56.51,56.51
3.87,2.87,46.02,56.71,56.71,56.71
3.88,2.88,46.79,56.9,56.9,56.9
3.89,2.89,49.85,57.1,57.1,57.1
3.9,2.9,52.16,57.3,57.3,57.3
3.91,2.91,50.62,57.5,57.5,57.5
3.92,2.92,48.32,57.7,57.7,57.7
3.93,2.93,49.09,57.9,57.9,57.9
3.94,2.94,48.32,58.1,58.1,58.1
3.95,2.95,56.76,58.3,58.3,58.3
3.96,2.96,47.55,58.5,58.5,58.5
3.97,2.97,46.79,58.69,58.69,58.69
3.98,2.98,49.09,58.89,58.89,58.89
3.99,2.99,51.39,59.09,59.09,59.09
4,3,50.62,59.29,59.29,59.29
4.01,3.01,51.39,59.49,59.49,59.49
4.02,3.02,50.62,59.69,59.69,59.69
4.03,3.03,52.92,59.89,59.89,59.89
4.04,3.04,53.69,60.09,60.09,60.09
4.05,3.05,53.69,60.29,60.29,60.29
4.06,3.06,51.39,60.48,60.48,60.48
4.07,3.07,45.25,60.68,60.68,60.68
4.08,3.08,47.55,60.88,60.88,60.88
4.09,3.09,48.32,61.08,61.08,61.08
4.1,3.1,49.09,61.28,61.28,61.28
4.11,3.11,50.62,61.48,61.48,61.48
4.12,3.12,48.32,61.68,61.68,61.68
4.13,3.13,52.92,61.88,61.88,61.88
4.14,3.14,54.46,62.08,62.08,62.08
4.15,3.15,56.76,62.27,62.27,62.27
4.16,3.16,57.52,62.47,62.47,62.47
4.17,3.17,55.99,62.67,62.67,62.67
4.18,3.18,54.46,62.87,62.87,62.87
4.19,3.19,49.09,63.07,63.07,63.07
4.2,3.2,52.16,63.27,63.27,63.27
4.21,3.21,51.39,63.47,63.47,63.47
4.22,3.22,51.39,63.67,63.67,63.67
4.23,3.23,52.92,63.87,63.86,63.87
4.24,3.24,52.16,64.06,64.06,64.06
4.25,3.25,53.69,64.26,64.26,64.26
4.26,3.26,54.46,64.46,64.46,64.46
4.27,3.27,56.76,64.66,64.66,64.66
4.28,3.28,58.29,64.86,64.86,64.86
4.29,3.29,58.29,65.06,65.06,65.06
4.3,3.3,54.46,65.26,65.26,65.26
4.31,3.31,62.13,65.46,65.46,65.46
4.32,3.32,55.22,65.66,65.65,65.66
4.33,3.33,52.16,65.85,65.85,65.85
4.34,3.34,54.46,66.05,66.05,66.05
4.35,3.35,53.69,66.25,66.25,66.25
4.36,3.36,55.99,66.45,66.45,66.45
4.37,3.37,57.52,66.65,66.65,66.65
4.38,3.38,61.36,66.85,66.85,66.85
4.39,3.39,59.83,67.05,67.05,67.05
4.4,3.4,59.06,67.25,67.25,67.25
4.41,3.41,58.29,67.45,67.44,67.45
4.42,3.42,64.43,67.64,67.64,67.64
4.43,3.43,56.76,67.84,67.84,67.84
4.44,3.44,55.22,68.04,68.04,68.04
4.45,3.45,58.29,68.24,68.24,68.24
4.46,3.46,58.29,68.44,68.44,68.44
4.47,3.47,58.29,68.64,68.64,68.64
4.48,3.48,59.83,68.84,68.84,68.84
4.49,3.49,63.66,69.04,69.04,69.04
4.5,3.5,61.36,69.24,69.23,69.24
4.51,3.51,59.83,69.43,69.43,69.43
4.52,3.52,59.06,69.63,69.63,69.63
4.53,3.53,59.06,69.83,69.83,69.83
4.54,3.54,59.06,70.03,70.03,70.03
4.55,3.55,61.36,70.23,70.23,70.23
4.56,3.56,59.83,70.43,70.43,70.43
4.57,3.57,61.36,70.63,70.63,70.63
4.58,3.58,62.13,70.83,70.83,70.83
4.59,3.59,65.96,71.03,71.02,71.03
4.6,3.6,64.43,71.22,71.22,71.22
4.61,3.61,63.66,71.42,71.42,71.42
4.62,3.62,61.36,71.62,71.62,71.62
4.63,3.63,62.13,71.82,71.82,71.82
4.64,3.64,61.36,72.02,72.02,72.02
4.65,3.65,64.43,72.22,72.22,72.22
4.66,3.66,62.13,72.42,72.42,72.42
4.67,3.67,63.66,72.62,72.62,72.62
4.68,3.68,63.66,72.81,72.81,72.82
4.69,3.69,65.96,73.01,73.01,73.01
4.7,3.7,66.73,73.21,73.21,73.21
4.71,3.71,66.73,73.41,73.41,73.41
4.72,3.72,62.89,73.61,73.61,73.61
4.73,3.73,65.96,73.81,73.81,73.81
4.74,3.74,64.43,74.01,74.01,74.01
4.75,3.75,65.96,74.21,74.21,74.21
4.76,3.76,67.5,74.41,74.41,74.41
4.77,3.77,70.56,74.6,74.6,74.61
4.78,3.78,72.86,74.8,74.8,74.8
4.79,3.79,69.8,75,75,75
4.8,3.8,68.26,75.2,75.2,75.2
4.81,3.81,61.36,75.4,75.4,75.4
4.82,3.82,67.5,75.6,75.6,75.6
4.83,3.83,65.19,75.8,75.8,75.8
4.84,3.84,68.26,76,76,76
4.85,3.85,68.26,76.2,76.2,76.2
4.86,3.86,70.56,76.39,76.39,76.39
4.87,3.87,71.33,76.59,76.59,76.59
4.88,3.88,70.56,76.79,76.79,76.79
4.89,3.89,69.8,76.99,76.99,76.99
4.9,3.9,65.19,77.19,77.19,77.19
4.91,3.91,68.26,77.39,77.39,77.39
4.92,3.92,67.5,77.59,77.59,77.59
4.93,3.93,69.8,77.79,77.79,77.79
4.94,3.94,69.03,77.99,77.99,77.99
4.95,3.95,69.03,78.18,78.18,78.18
4.96,3.96,73.63,78.38,78.38,78.38
4.97,3.97,72.1,78.58,78.58,78.58
4.98,3.98,71.33,78.78,78.78,78.78
4.99,3.99,64.43,78.98,78.98,78.98
5,4,68.26,79.18,79.18,79.18
5.01,4.01,67.5,79.38,79.38,79.38
5.02,4.02,69.03,79.58,79.58,79.58
5.03,4.03,70.56,79.78,79.78,79.78
5.04,4.04,74.4,79.97,79.97,79.97
5.05,4.05,76.7,80.17,80.17,80.17
5.06,4.06,75.17,80.37,80.37,80.37
5.07,4.07,74.4,80.57,80.57,80.57
5.08,4.08,68.26,80.77,80.77,80.77
5.09,4.09,69.03,80.97,80.97,80.97
5.1,4.1,69.03,81.17,81.17,81.17
5.11,4.11,72.1,81.37,81.37,81.37
5.12,4.12,73.63,81.57,81.57,81.57
5.13,4.13,77.47,81.76,81.76,81.76
5.14,4.14,73.63,81.96,81.96,81.96
5.15,4.15,75.93,82.16,82.16,82.16
5.16,4.16,76.7,82.36,82.36,82.36
5.17,4.17,85.9,82.56,82.56,82.56
5.18,4.18,72.1,82.76,82.76,82.76
5.19,4.19,73.63,82.96,82.96,82.96
5.2,4.2,72.1,83.16,83.16,83.16
5.21,4.21,73.63,83.36,83.36,83.36
5.22,4.22,79,83.55,83.55,83.55
5.23,4.23,78.23,83.75,83.75,83.75
5.24,4.24,78.23,83.95,83.95,83.95
5.25,4.25,72.1,84.15,84.15,84.15
5.26,4.26,73.63,84.35,84.35,84.35
5.27,4.27,73.63,84.55,84.55,84.55
5.28,4.28,73.63,84.75,84.75,84.75
5.29,4.29,76.7,84.95,84.95,84.95
5.3,4.3,76.7,85.15,85.15,85.15
5.31,4.31,81.3,85.34,85.34,85.34
5.32,4.32,79.77,85.54,85.54,85.54
5.33,4.33,69.8,85.74,85.74,85.74
5.34,4.34,73.63,85.94,85.94,85.94
5.35,4.35,75.93,86.14,86.14,86.14
5.36,4.36,76.7,86.34,86.34,86.34
5.37,4.37,78.23,86.54,86.54,86.54
5.38,4.38,77.47,86.74,86.74,86.74
5.39,4.39,82.07,86.94,86.94,86.94
5.4,4.4,81.3,87.13,87.13,87.13
5.41,4.41,77.47,87.33,87.33,87.33
5.42,4.42,78.23,87.53,87.53,87.53
5.43,4.43,79.77,87.73,87.73,87.73
5.44,4.44,78.23,87.93,87.93,87.93
5.45,4.45,79.77,88.13,88.13,88.13
5.46,4.46,81.3,88.33,88.33,88.33
5.47,4.47,82.83,88.53,88.53,88.53
5.48,4.48,82.07,88.73,88.72,88.73
5.49,4.49,84.37,88.92,88.92,88.92
5.5,4.5,83.6,89.12,89.12,89.12
5.51,4.51,84.37,89.32,89.32,89.32
5.52,4.52,83.6,89.52,89.52,89.52
5.53,4.53,85.14,89.72,89.72,89.72
5.54,4.54,85.14,89.92,89.92,89.92
5.55,4.55,85.14,90.12,90.12,90.12
5.56,4.56,83.6,90.32,90.32,90.32
5.57,4.57,83.6,90.52,90.51,90.52
5.58,4.58,81.3,90.71,90.71,90.71
5.59,4.59,82.83,90.91,90.91,90.91
5.6,4.6,82.83,91.11,91.11,91.11
5.61,4.61,85.14,91.31,91.31,91.31
5.62,4.62,86.67,91.51,91.51,91.51
5.63,4.63,85.9,91.71,91.71,91.71
5.64,4.64,83.6,91.91,91.91,91.91
5.65,4.65,85.9,92.11,92.11,92.11
5.66,4.66,85.14,92.31,92.3,92.31
5.67,4.67,86.67,92.5,92.5,92.5
5.68,4.68,86.67,92.7,92.7,92.7
5.69,4.69,86.67,92.9,92.9,92.9
5.7,4.7,88.2,93.1,93.1,93.1
5.71,4.71,80.53,93.3,93.3,93.3
5.72,4.72,82.83,93.5,93.5,93.5
5.73,4.73,84.37,93.7,93.7,93.7
5.74,4.74,85.14,93.9,93.9,93.9
5.75,4.75,88.2,94.1,94.09,94.1
5.76,4.76,92.81,94.29,94.29,94.29
5.77,4.77,88.2,94.49,94.49,94.49
5.78,4.78,88.2,94.69,94.69,94.69
5.79,4.79,84.37,94.89,94.89,94.89
5.8,4.8,85.14,95.09,95.09,95.09
5.81,4.81,84.37,95.29,95.29,95.29
5.82,4.82,86.67,95.49,95.49,95.49
5.83,4.83,89.74,95.69,95.69,95.69
5.84,4.84,91.27,95.89,95.88,95.89
5.85,4.85,92.81,96.08,96.08,96.08
5.86,4.86,95.11,96.28,96.28,96.28
5.87,4.87,86.67,96.48,96.48,96.48
5.88,4.88,87.44,96.68,96.68,96.68
5.89,4.89,87.44,96.88,96.88,96.88
5.9,4.9,92.04,97.08,97.08,97.08
5.91,4.91,93.57,97.28,97.28,97.28
5.92,4.92,95.11,97.48,97.48,97.48
5.93,4.93,92.04,97.68,97.67,97.68
5.94,4.94,89.74,97.87,97.87,97.87
5.95,4.95,88.97,98.07,98.07,98.07
5.96,4.96,90.5,98.27,98.27,98.27
5.97,4.97,93.57,98.47,98.47,98.47
5.98,4.98,92.81,98.67,98.67,98.67
5.99,4.99,90.5,98.87,98.87,98.87
6,5,89.74,99.07,99.07,99.07
6.01,5.01,93.57,99.27,99.27,99.27
6.02,5.02,94.34,99.47,99.46,99.47
6.03,5.03,96.64,99.66,99.66,99.66
6.04,5.04,95.11,99.86,99.86,99.86
6.05,5.05,95.11,100.06,100.06,100.06
6.06,5.06,83.6,100.26,100.26,100.26
6.07,5.07,94.34,100.46,100.46,100.46
6.08,5.08,92.81,100.66,100.66,100.66
6.09,5.09,95.11,100.86,100.86,100.86
6.1,5.1,92.81,101.06,101.06,101.06
6.11,5.11,97.41,101.25,101.25,101.26
6.12,5.12,95.87,101.45,101.45,101.45
6.13,5.13,105.08,101.65,101.65,101.65
6.14,5.14,92.81,101.85,101.85,101.85
6.15,5.15,93.57,102.05,102.05,102.05
6.16,5.16,93.57,102.25,102.25,102.25
6.17,5.17,101.24,102.45,102.45,102.45
6.18,5.18,97.41,102.65,102.65,102.65
6.19,5.19,85.9,102.85,102.85,102.85
6.2,5.2,92.81,103.04,103.04,103.05
6.21,5.21,93.57,103.24,103.24,103.24
6.22,5.22,95.87,103.44,103.44,103.44
6.23,5.23,95.11,103.64,103.64,103.64
6.24,5.24,99.71,103.84,103.84,103.84
6.25,5.25,98.94,104.04,104.04,104.04
6.26,5.26,111.21,104.24,104.24,104.24
6.27,5.27,93.57,104.44,104.44,104.44
6.28,5.28,95.87,104.64,104.64,104.64
6.29,5.29,96.64,104.83,104.83,104.84
6.3,5.3,102.78,105.03,105.03,105.03
6.31,5.31,100.48,105.23,105.23,105.23
6.32,5.32,95.11,105.43,105.43,105.43
6.33,5.33,97.41,105.63,105.63,105.63
6.34,5.34,97.41,105.83,105.83,105.83
6.35,5.35,99.71,106.03,106.03,106.03
6.36,5.36,98.94,106.23,106.23,106.23
6.37,5.37,103.54,106.43,106.43,106.43
6.38,5.38,104.31,106.62,106.62,106.62
6.39,5.39,98.17,106.82,106.82,106.82
6.4,5.4,99.71,107.02,107.02,107.02
6.41,5.41,102.01,107.22,107.22,107.22
6.42,5.42,99.71,107.42,107.42,107.42
6.43,5.43,103.54,107.62,107.62,107.62
6.44,5.44,103.54,107.82,107.82,107.82
6.45,5.45,105.08,108.02,108.02,108.02
6.46,5.46,101.24,108.22,108.22,108.22
6.47,5.47,103.54,108.41,108.41,108.41
6.48,5.48,107.38,108.61,108.61,108.61
6.49,5.49,105.08,108.81,108.81,108.81
6.5,5.5,105.08,109.01,109.01,109.01
6.51,5.51,108.91,109.21,109.21,109.21
6.52,5.52,102.01,109.41,109.41,109.41
6.53,5.53,104.31,109.61,109.61,109.61
6.54,5.54,105.08,109.81,109.81,109.81
6.55,5.55,105.84,110.01,110.01,110.01
6.56,5.56,105.08,110.2,110.2,110.2
6.57,5.57,108.15,110.4,110.4,110.4
6.58,5.58,101.24,110.6,110.6,110.6
6.59,5.59,103.54,110.8,110.8,110.8
6.6,5.6,107.38,111,111,111
6.61,5.61,107.38,111.2,111.2,111.2
6.62,5.62,108.15,111.4,111.4,111.4
6.63,5.63,107.38,111.6,111.6,111.6
6.64,5.64,105.08,111.8,111.8,111.8
6.65,5.65,105.84,111.99,111.99,111.99
6.66,5.66,106.61,112.19,112.19,112.19
6.67,5.67,109.68,112.39,112.39,112.39
6.68,5.68,109.68,112.59,112.59,112.59
6.69,5.69,103.54,112.79,112.79,112.79
6.7,5.7,105.08,112.99,112.99,112.99
6.71,5.71,108.91,113.19,113.19,113.19
6.72,5.72,105.08,113.39,113.39,113.39
6.73,5.73,111.98,113.59,113.59,113.59
6.74,5.74,107.38,113.78,113.78,113.78
6.75,5.75,108.15,113.98,113.98,113.98
6.76,5.76,110.45,114.18,114.18,114.18
6.77,5.77,107.38,114.38,114.38,114.38
6.78,5.78,113.51,114.58,114.58,114.58
6.79,5.79,110.45,114.78,114.78,114.78
6.8,5.8,103.54,114.98,114.98,114.98
6.81,5.81,109.68,115.18,115.18,115.18
6.82,5.82,108.15,115.38,115.38,115.38
6.83,5.83,111.98,115.57,115.57,115.57
6.84,5.84,111.21,115.77,115.77,115.77
6.85,5.85,112.75,115.97,115.97,115.97
6.86,5.86,122.72,116.17,116.17,116.17
6.87,5.87,107.38,116.37,116.37,116.37
6.88,5.88,110.45,116.57,116.57,116.57
6.89,5.89,111.21,116.77,116.77,116.77
6.9,5.9,113.51,116.97,116.97,116.97
6.91,5.91,111.98,117.17,117.16,117.17
6.92,5.92,109.68,117.36,117.36,117.36
6.93,5.93,110.45,117.56,117.56,117.56
6.94,5.94,109.68,117.76,117.76,117.76
6.95,5.95,115.82,117.96,117.96,117.96
6.96,5.96,114.28,118.16,118.16,118.16
6.97,5.97,109.68,118.36,118.36,118.36
6.98,5.98,112.75,118.56,118.56,118.56
6.99,5.99,113.51,118.76,118.76,118.76
7,6,116.58,118.96,118.95,118.96
7.01,6.01,116.58,119.15,119.15,119.15
7.02,6.02,118.88,119.35,119.35,119.35
7.03,6.03,112.75,119.55,119.55,119.55
7.04,6.04,115.82,119.75,119.75,119.75
7.05,6.05,111.98,119.95,119.95,119.95
7.06,6.06,117.35,120.15,120.15,120.15
7.07,6.07,116.58,120.35,120.35,120.35
7.08,6.08,128.85,120.55,120.55,120.55
7.09,6.09,113.51,120.75,120.74,120.75
7.1,6.1,116.58,120.94,120.94,120.94
7.11,6.11,118.88,121.14,121.14,121.14
7.12,6.12,119.65,121.34,121.34,121.34
7.13,6.13,107.38,121.54,121.54,121.54
7.14,6.14,118.12,121.74,121.74,121.74
7.15,6.15,115.82,121.94,121.94,121.94
7.16,6.16,118.12,122.14,122.14,122.14
7.17,6.17,116.58,122.34,122.34,122.34
7.18,6.18,118.88,122.54,122.53,122.54
7.19,6.19,115.05,122.73,122.73,122.73
7.2,6.2,118.88,122.93,122.93,122.93
7.21,6.21,117.35,123.13,123.13,123.13
7.22,6.22,123.49,123.33,123.33,123.33
7.23,6.23,121.18,123.53,123.53,123.53
7.24,6.24,131.16,123.73,123.73,123.73
7.25,6.25,118.12,123.93,123.93,123.93
7.26,6.26,121.95,124.13,124.13,124.13
7.27,6.27,120.42,124.33,124.32,124.33
7.28,6.28,120.42,124.52,124.52,124.52
7.29,6.29,114.28,124.72,124.72,124.72
7.3,6.3,118.12,124.92,124.92,124.92
7.31,6.31,120.42,125.12,125.12,125.12
7.32,6.32,122.72,125.32,125.32,125.32
7.33,6.33,124.25,125.52,125.52,125.52
7.34,6.34,112.75,125.72,125.72,125.72
7.35,6.35,121.18,125.92,125.92,125.92
7.36,6.36,119.65,126.12,126.11,126.12
7.37,6.37,123.49,126.31,126.31,126.31
7.38,6.38,124.25,126.51,126.51,126.51
7.39,6.39,124.25,126.71,126.71,126.71
7.4,6.4,119.65,126.91,126.91,126.91
7.41,6.41,119.65,127.11,127.11,127.11
7.42,6.42,120.42,127.31,127.31,127.31
7.43,6.43,123.49,127.51,127.51,127.51
7.44,6.44,126.55,127.71,127.71,127.71
7.45,6.45,120.42,127.91,127.9,127.91
7.46,6.46,124.25,128.1,128.1,128.1
7.47,6.47,122.72,128.3,128.3,128.3
7.48,6.48,122.72,128.5,128.5,128.5
7.49,6.49,128.09,128.7,128.7,128.7
7.5,6.5,120.42,128.9,128.9,128.9
7.51,6.51,125.79,129.1,129.1,129.1
7.52,6.52,124.25,129.3,129.3,129.3
7.53,6.53,123.49,129.5,129.5,129.5
7.54,6.54,127.32,129.69,129.69,129.7
7.55,6.55,121.95,129.89,129.89,129.89
7.56,6.56,128.09,130.09,130.09,130.09
7.57,6.57,128.09,130.29,130.29,130.29
7.58,6.58,128.09,130.49,130.49,130.49
7.59,6.59,130.39,130.69,130.69,130.69
7.6,6.6,126.55,130.89,130.89,130.89
7.61,6.61,126.55,131.09,131.09,131.09
7.62,6.62,132.69,131.29,131.29,131.29
7.63,6.63,129.62,131.48,131.48,131.49
7.64,6.64,125.02,131.68,131.68,131.68
7.65,6.65,127.32,131.88,131.88,131.88
7.66,6.66,125.79,132.08,132.08,132.08
7.67,6.67,129.62,132.28,132.28,132.28
7.68,6.68,131.16,132.48,132.48,132.48
7.69,6.69,120.42,132.68,132.68,132.68
7.7,6.7,131.92,132.88,132.88,132.88
7.71,6.71,128.09,133.08,133.08,133.08
7.72,6.72,127.32,133.27,133.27,133.28
7.73,6.73,131.92,133.47,133.47,133.47
7.74,6.74,125.02,133.67,133.67,133.67
7.75,6.75,129.62,133.87,133.87,133.87
7.76,6.76,131.92,134.07,134.07,134.07
7.77,6.77,132.69,134.27,134.27,134.27
7.78,6.78,131.92,134.47,134.47,134.47
7.79,6.79,144.96,134.67,134.67,134.67
7.8,6.8,130.39,134.87,134.87,134.87
7.81,6.81,131.16,135.06,135.06,135.07
7.82,6.82,137.29,135.26,135.26,135.26
7.83,6.83,136.52,135.46,135.46,135.46
7.84,6.84,128.09,135.66,135.66,135.66
7.85,6.85,131.92,135.86,135.86,135.86
7.86,6.86,134.99,136.06,136.06,136.06
7.87,6.87,134.22,136.26,136.26,136.26
7.88,6.88,132.69,136.46,136.46,136.46
7.89,6.89,134.99,136.66,136.66,136.66
7.9,6.9,131.92,136.85,136.85,136.86
7.91,6.91,131.16,137.05,137.05,137.05
7.92,6.92,134.99,137.25,137.25,137.25
7.93,6.93,131.16,137.45,137.45,137.45
7.94,6.94,133.46,137.65,137.65,137.65
7.95,6.95,137.29,137.85,137.85,137.85
7.96,6.96,141.13,138.05,138.05,138.05
7.97,6.97,137.29,138.25,138.25,138.25
7.98,6.98,130.39,138.45,138.45,138.45
7.99,6.99,134.22,138.64,138.64,138.64
8,7,137.29,138.84,138.84,138.84
8.01,7.01,137.29,139.04,139.04,139.04
8.02,7.02,132.69,139.24,139.24,139.24
8.03,7.03,138.06,139.44,139.44,139.44
8.04,7.04,136.52,139.64,139.64,139.64
8.05,7.05,135.76,139.84,139.84,139.84
8.06,7.06,138.06,140.04,140.04,140.04
8.07,7.07,151.86,140.24,140.24,140.24
8.08,7.08,138.83,140.44,140.43,140.44
8.09,7.09,136.52,140.63,140.63,140.63
8.1,7.1,139.59,140.83,140.83,140.83
8.11,7.11,139.59,141.03,141.03,141.03
8.12,7.12,139.59,141.23,141.23,141.23
8.13,7.13,135.76,141.43,141.43,141.43
8.14,7.14,134.99,141.63,141.63,141.63
8.15,7.15,140.36,141.83,141.83,141.83
8.16,7.16,151.1,142.03,142.03,142.03
8.17,7.17,138.06,142.23,142.23,142.23
8.18,7.18,137.29,142.42,142.42,142.43
8.19,7.19,141.89,142.62,142.62,142.62
8.2,7.2,144.19,142.82,142.82,142.82
8.21,7.21,142.66,143.02,143.02,143.02
8.22,7.22,141.13,143.22,143.22,143.22
8.23,7.23,136.52,143.42,143.42,143.42
8.24,7.24,141.89,143.62,143.62,143.62
8.25,7.25,153.4,143.82,143.82,143.82
8.26,7.26,143.43,144.02,144.02,144.02
8.27,7.27,143.43,144.22,144.21,144.22
8.28,7.28,143.43,144.41,144.41,144.41
8.29,7.29,133.46,144.61,144.61,144.61
8.3,7.3,141.89,144.81,144.81,144.81
8.31,7.31,143.43,145.01,145.01,145.01
8.32,7.32,146.5,145.21,145.21,145.21
8.33,7.33,143.43,145.41,145.41,145.41
8.34,7.34,136.52,145.61,145.61,145.61
8.35,7.35,141.89,145.81,145.81,145.81
8.36,7.36,146.5,146.01,146.01,146.01
8.37,7.37,146.5,146.21,146.2,146.21
8.38,7.38,137.29,146.4,146.4,146.4
8.39,7.39,141.89,146.6,146.6,146.6
8.4,7.4,141.89,146.8,146.8,146.8
8.41,7.41,144.96,147,147,147
8.42,7.42,150.33,147.2,147.2,147.2
8.43,7.43,148.03,147.4,147.4,147.4
8.44,7.44,147.26,147.6,147.6,147.6
8.45,7.45,148.03,147.8,147.8,147.8
8.46,7.46,148.03,148,148,148
8.47,7.47,139.59,148.2,148.19,148.2
8.48,7.48,143.43,148.39,148.39,148.39
8.49,7.49,143.43,148.59,148.59,148.59
8.5,7.5,147.26,148.79,148.79,148.79
8.51,7.51,161.83,148.99,148.99,148.99
8.52,7.52,147.26,149.19,149.19,149.19
8.53,7.53,146.5,149.39,149.39,149.39
8.54,7.54,150.33,149.59,149.59,149.59
8.55,7.55,147.26,149.79,149.79,149.79
8.56,7.56,146.5,149.99,149.99,149.99
8.57,7.57,148.8,150.18,150.18,150.19
8.58,7.58,152.63,150.38,150.38,150.38
8.59,7.59,154.93,150.58,150.58,150.58
8.6,7.6,150.33,150.78,150.78,150.78
8.61,7.61,148.03,150.98,150.98,150.98
8.62,7.62,150.33,151.18,151.18,151.18
8.63,7.63,151.1,151.38,151.38,151.38
8.64,7.64,145.73,151.58,151.58,151.58
8.65,7.65,148.8,151.78,151.78,151.78
8.66,7.66,147.26,151.98,151.98,151.98
8.67,7.67,151.86,152.17,152.17,152.18
8.68,7.68,151.1,152.37,152.37,152.37
8.69,7.69,151.1,152.57,152.57,152.57
8.7,7.7,151.86,152.77,152.77,152.77
8.71,7.71,153.4,152.97,152.97,152.97
8.72,7.72,171.81,153.17,153.17,153.17
8.73,7.73,153.4,153.37,153.37,153.37
8.74,7.74,154.17,153.57,153.57,153.57
8.75,7.75,153.4,153.77,153.77,153.77
8.76,7.76,145.73,153.97,153.96,153.97
8.77,7.77,152.63,154.16,154.16,154.16
8.78,7.78,151.1,154.36,154.36,154.36
8.79,7.79,154.93,154.56,154.56,154.56
8.8,7.8,148.03,154.76,154.76,154.76
8.81,7.81,151.1,154.96,154.96,154.96
8.82,7.82,148.8,155.16,155.16,155.16
8.83,7.83,152.63,155.36,155.36,155.36
8.84,7.84,149.56,155.56,155.56,155.56
8.85,7.85,151.86,155.76,155.76,155.76
8.86,7.86,153.4,155.96,155.95,155.96
8.87,7.87,154.17,156.15,156.15,156.15
8.88,7.88,148.8,156.35,156.35,156.35
8.89,7.89,154.17,156.55,156.55,156.55
8.9,7.9,155.7,156.75,156.75,156.75
8.91,7.91,157.23,156.95,156.95,156.95
8.92,7.92,152.63,157.15,157.15,157.15
8.93,7.93,154.93,157.35,157.35,157.35
8.94,7.94,155.7,157.55,157.55,157.55
8.95,7.95,155.7,157.75,157.75,157.75
8.96,7.96,164.9,157.94,157.94,157.95
8.97,7.97,156.47,158.14,158.14,158.14
8.98,7.98,157.23,158.34,158.34,158.34
8.99,7.99,157.23,158.54,158.54,158.54
9,8,157.23,158.74,158.74,158.74
9.01,8.01,158,158.94,158.94,158.94
9.02,8.02,158.77,159.14,159.14,159.14
9.03,8.03,158.77,159.34,159.34,159.34
9.04,8.04,150.33,159.54,159.54,159.54
9.05,8.05,156.47,159.74,159.74,159.74
9.06,8.06,158,159.93,159.93,159.94
9.07,8.07,158,160.13,160.13,160.13
9.08,8.08,152.63,160.33,160.33,160.33
9.09,8.09,156.47,160.53,160.53,160.53
9.1,8.1,156.47,160.73,160.73,160.73
9.11,8.11,158.77,160.93,160.93,160.93
9.12,8.12,155.7,161.13,161.13,161.13
9.13,8.13,159.53,161.33,161.33,161.33
9.14,8.14,160.3,161.53,161.53,161.53
9.15,8.15,164.14,161.73,161.72,161.73
9.16,8.16,160.3,161.92,161.92,161.92
9.17,8.17,163.37,162.12,162.12,162.12
9.18,8.18,161.83,162.32,162.32,162.32
9.19,8.19,164.9,162.52,162.52,162.52
9.2,8.2,184.08,162.72,162.72,162.72
9.21,8.21,163.37,162.92,162.92,162.92
9.22,8.22,164.14,163.12,163.12,163.12
9.23,8.23,161.83,163.32,163.32,163.32
9.24,8.24,158.77,163.52,163.52,163.52
9.25,8.25,161.83,163.72,163.71,163.72
9.26,8.26,163.37,163.91,163.91,163.91
9.27,8.27,165.67,164.11,164.11,164.11
9.28,8.28,162.6,164.31,164.31,164.31
9.29,8.29,164.14,164.51,164.51,164.51
9.3,8.3,169.5,164.71,164.71,164.71
9.31,8.31,167.97,164.91,164.91,164.91
9.32,8.32,166.44,165.11,165.11,165.11
9.33,8.33,164.9,165.31,165.31,165.31
9.34,8.34,161.83,165.51,165.51,165.51
9.35,8.35,158.77,165.71,165.7,165.71
9.36,8.36,162.6,165.9,165.9,165.9
9.37,8.37,165.67,166.1,166.1,166.1
9.38,8.38,169.5,166.3,166.3,166.3
9.39,8.39,181.01,166.5,166.5,166.5
9.4,8.4,169.5,166.7,166.7,166.7
9.41,8.41,169.5,166.9,166.9,166.9
9.42,8.42,167.97,167.1,167.1,167.1
9.43,8.43,162.6,167.3,167.3,167.3
9.44,8.44,166.44,167.5,167.5,167.5
9.45,8.45,173.34,167.69,167.69,167.7
9.46,8.46,170.27,167.89,167.89,167.89
9.47,8.47,169.5,168.09,168.09,168.09
9.48,8.48,167.97,168.29,168.29,168.29
9.49,8.49,167.97,168.49,168.49,168.49
9.5,8.5,164.9,168.69,168.69,168.69
9.51,8.51,167.2,168.89,168.89,168.89
9.52,8.52,171.04,169.09,169.09,169.09
9.53,8.53,173.34,169.29,169.29,169.29
9.54,8.54,183.31,169.49,169.48,169.49
9.55,8.55,171.04,169.68,169.68,169.68
9.56,8.56,167.97,169.88,169.88,169.88
9.57,8.57,173.34,170.08,170.08,170.08
9.58,8.58,171.81,170.28,170.28,170.28
9.59,8.59,171.04,170.48,170.48,170.48
9.6,8.6,171.04,170.68,170.68,170.68
9.61,8.61,166.44,170.88,170.88,170.88
9.62,8.62,169.5,171.08,171.08,171.08
9.63,8.63,169.5,171.28,171.28,171.28
9.64,8.64,174.11,171.48,171.47,171.48
9.65,8.65,184.84,171.67,171.67,171.67
9.66,8.66,171.81,171.87,171.87,171.87
9.67,8.67,168.74,172.07,172.07,172.07
9.68,8.68,174.11,172.27,172.27,172.27
9.69,8.69,175.64,172.47,172.47,172.47
9.7,8.7,173.34,172.67,172.67,172.67
9.71,8.71,170.27,172.87,172.87,172.87
9.72,8.72,166.44,173.07,173.07,173.07
9.73,8.73,174.87,173.27,173.27,173.27
9.74,8.74,177.94,173.47,173.46,173.47
9.75,8.75,173.34,173.66,173.66,173.66
9.76,8.76,170.27,173.86,173.86,173.86
9.77,8.77,174.87,174.06,174.06,174.06
9.78,8.78,179.48,174.26,174.26,174.26
9.79,8.79,171.04,174.46,174.46,174.46
9.8,8.8,173.34,174.66,174.66,174.66
9.81,8.81,173.34,174.86,174.86,174.86
9.82,8.82,177.94,175.06,175.06,175.06
9.83,8.83,185.61,175.26,175.26,175.26
9.84,8.84,174.87,175.45,175.45,175.46
9.85,8.85,177.94,175.65,175.65,175.65
9.86,8.86,178.71,175.85,175.85,175.85
9.87,8.87,174.87,176.05,176.05,176.05
9.88,8.88,173.34,176.25,176.25,176.25
9.89,8.89,178.71,176.45,176.45,176.45
9.9,8.9,200.95,176.65,176.65,176.65
9.91,8.91,177.17,176.85,176.85,176.85
9.92,8.92,174.87,177.05,177.05,177.05
9.93,8.93,181.01,177.25,177.24,177.25
9.94,8.94,180.24,177.44,177.44,177.45
9.95,8.95,177.17,177.64,177.64,177.64
9.96,8.96,180.24,177.84,177.84,177.84
9.97,8.97,191.75,178.04,178.04,178.04
9.98,8.98,178.71,178.24,178.24,178.24
9.99,8.99,177.94,178.44,178.44,178.44
10,9,182.54,178.64,178.64,178.64
10.01,9.01,183.31,178.84,178.84,178.84
10.02,9.02,179.48,179.04,179.04,179.04
10.03,9.03,183.31,179.24,179.23,179.24
10.04,9.04,204.02,179.43,179.43,179.43
10.05,9.05,178.71,179.63,179.63,179.63
10.06,9.06,180.24,179.83,179.83,179.83
10.07,9.07,185.61,180.03,180.03,180.03
10.08,9.08,180.24,180.23,180.23,180.23
10.09,9.09,181.01,180.43,180.43,180.43
10.1,9.1,186.38,180.63,180.63,180.63
10.11,9.11,190.21,180.83,180.83,180.83
10.12,9.12,181.01,181.03,181.03,181.03
10.13,9.13,187.15,181.23,181.22,181.23
10.14,9.14,181.78,181.42,181.42,181.42
10.15,9.15,181.01,181.62,181.62,181.62
10.16,9.16,183.31,181.82,181.82,181.82
10.17,9.17,181.78,182.02,182.02,182.02
10.18,9.18,180.24,182.22,182.22,182.22
10.19,9.19,186.38,182.42,182.42,182.42
10.2,9.2,184.84,182.62,182.62,182.62
10.21,9.21,177.17,182.82,182.82,182.82
10.22,9.22,187.15,183.02,183.02,183.02
10.231,9.23,186.38,183.21,183.21,183.22
10.241,9.24,187.91,183.41,183.41,183.41
10.251,9.25,188.68,183.61,183.61,183.61
10.261,9.26,183.31,183.81,183.81,183.81
10.271,9.27,189.45,184.01,184.01,184.01
10.281,9.28,194.05,184.21,184.21,184.21
10.291,9.29,184.08,184.41,184.41,184.41
10.301,9.3,190.98,184.61,184.61,184.61
10.311,9.31,177.94,184.81,184.81,184.81
10.321,9.32,184.84,185.01,185,185.01
10.331,9.33,186.38,185.2,185.2,185.21
10.341,9.34,185.61,185.4,185.4,185.4
10.351,9.35,190.21,185.6,185.6,185.6
10.361,9.36,190.21,185.8,185.8,185.8
10.371,9.37,190.98,186,186,186
10.381,9.38,210.16,186.2,186.2,186.2
10.391,9.39,186.38,186.4,186.4,186.4
10.401,9.4,191.75,186.6,186.6,186.6
10.411,9.41,179.48,186.8,186.8,186.8
10.421,9.42,190.21,187,186.99,187
10.431,9.43,189.45,187.19,187.19,187.19
10.441,9.44,190.98,187.39,187.39,187.39
10.451,9.45,191.75,187.59,187.59,187.59
10.461,9.46,186.38,187.79,187.79,187.79
10.471,9.47,192.51,187.99,187.99,187.99
10.481,9.48,191.75,188.19,188.19,188.19
10.491,9.49,188.68,188.39,188.39,188.39
10.501,9.5,194.82,188.59,188.59,188.59
10.511,9.51,184.08,188.79,188.79,188.79
10.521,9.52,194.82,188.99,188.98,188.99
10.531,9.53,190.21,189.18,189.18,189.18
10.541,9.54,192.51,189.38,189.38,189.38
10.551,9.55,188.68,189.58,189.58,189.58
10.561,9.56,190.98,189.78,189.78,189.78
10.571,9.57,188.68,189.98,189.98,189.98
10.581,9.58,188.68,190.18,190.18,190.18
10.591,9.59,194.82,190.38,190.38,190.38
10.601,9.6,194.05,190.58,190.58,190.58
10.611,9.61,217.83,190.78,190.78,190.78
10.621,9.62,191.75,190.98,190.97,190.98
10.631,9.63,194.82,191.17,191.17,191.17
10.641,9.64,182.54,191.37,191.37,191.37
10.651,9.65,197.88,191.57,191.57,191.57
10.661,9.66,191.75,191.77,191.77,191.77
10.671,9.67,195.58,191.97,191.97,191.97
10.681,9.68,191.75,192.17,192.17,192.17
10.691,9.69,195.58,192.37,192.37,192.37
10.701,9.7,195.58,192.57,192.57,192.57
10.711,9.71,197.12,192.77,192.76,192.77
10.721,9.72,193.28,192.96,192.96,192.97
10.731,9.73,200.18,193.16,193.16,193.16
10.741,9.74,193.28,193.36,193.36,193.36
10.751,9.75,198.65,193.56,193.56,193.56
10.761,9.76,196.35,193.76,193.76,193.76
10.771,9.77,207.85,193.96,193.96,193.96
10.781,9.78,194.82,194.16,194.16,194.16
10.791,9.79,200.18,194.36,194.36,194.36
10.801,9.8,192.51,194.56,194.56,194.56
10.811,9.81,200.95,194.76,194.75,194.76
10.821,9.82,197.12,194.95,194.95,194.95
10.831,9.83,200.18,195.15,195.15,195.15
10.841,9.84,194.82,195.35,195.35,195.35
10.851,9.85,200.95,195.55,195.55,195.55
10.861,9.86,196.35,195.75,195.75,195.75
10.871,9.87,201.72,195.95,195.95,195.95
10.881,9.88,198.65,196.15,196.15,196.15
10.891,9.89,197.88,196.35,196.35,196.35
10.901,9.9,200.18,196.55,196.55,196.55
10.911,9.91,199.42,196.75,196.74,196.75
10.921,9.92,202.49,196.94,196.94,196.94
10.931,9.93,191.75,197.14,197.14,197.14
10.941,9.94,200.95,197.34,197.34,197.34
10.951,9.95,201.72,197.54,197.54,197.54
10.961,9.96,224.73,197.74,197.74,197.74
10.971,9.97,202.49,197.94,197.94,197.94
10.981,9.98,202.49,198.14,198.14,198.14
10.991,9.99,211.69,198.34,198.34,198.34
11.001,10,199.42,198.54,198.54,198.54
11.011,10.01,205.55,198.74,198.73,198.74
11.021,10.02,197.12,198.93,198.93,198.93
11.031,10.03,203.25,199.13,199.13,199.13
11.041,10.04,205.55,199.33,199.33,199.33
11.051,10.05,197.12,199.53,199.53,199.53
11.061,10.06,204.79,199.73,199.73,199.73
11.071,10.07,201.72,199.93,199.93,199.93
11.081,10.08,202.49,200.13,200.13,200.13
11.091,10.09,203.25,200.33,200.33,200.33
11.101,10.1,201.72,200.53,200.52,200.53
11.111,10.11,205.55,200.72,200.72,200.73
11.121,10.12,203.25,200.92,200.92,200.92
11.131,10.13,207.85,201.12,201.12,201.12
11.141,10.14,207.09,201.32,201.32,201.32
11.151,10.15,201.72,201.52,201.52,201.52
11.161,10.16,207.09,201.72,201.72,201.72
11.171,10.17,200.18,201.92,201.92,201.92
11.181,10.18,205.55,202.12,202.12,202.12
11.191,10.19,209.39,202.32,202.32,202.32
11.201,10.2,207.85,202.52,202.51,202.52
11.211,10.21,207.85,202.71,202.71,202.71
11.221,10.22,204.79,202.91,202.91,202.91
11.231,10.23,204.02,203.11,203.11,203.11
11.241,10.24,210.92,203.31,203.31,203.31
11.251,10.25,207.09,203.51,203.51,203.51
11.261,10.26,206.32,203.71,203.71,203.71
11.271,10.27,210.92,203.91,203.91,203.91
11.281,10.28,204.02,204.11,204.11,204.11
11.291,10.29,204.02,204.31,204.31,204.31
11.301,10.3,210.16,204.51,204.5,204.51
11.311,10.31,204.02,204.7,204.7,204.7
11.321,10.32,205.55,204.9,204.9,204.9
11.331,10.33,212.46,205.1,205.1,205.1
11.341,10.34,207.09,205.3,205.3,205.3
11.351,10.35,207.09,205.5,205.5,205.5
11.361,10.36,213.99,205.7,205.7,205.7
11.371,10.37,206.32,205.9,205.9,205.9
11.381,10.38,208.62,206.1,206.1,206.1
11.391,10.39,213.99,206.3,206.3,206.3
11.401,10.4,207.09,206.5,206.49,206.5
11.411,10.41,209.39,206.69,206.69,206.69
11.421,10.42,214.76,206.89,206.89,206.89
11.431,10.43,208.62,207.09,207.09,207.09
11.441,10.44,212.46,207.29,207.29,207.29
11.451,10.45,213.22,207.49,207.49,207.49
11.461,10.46,210.92,207.69,207.69,207.69
11.471,10.47,212.46,207.89,207.89,207.89
11.481,10.48,213.99,208.09,208.09,208.09
11.491,10.49,216.29,208.29,208.28,208.29
11.501,10.5,212.46,208.48,208.48,208.49
11.511,10.51,209.39,208.68,208.68,208.68
11.521,10.52,214.76,208.88,208.88,208.88
11.531,10.53,216.29,209.08,209.08,209.08
11.541,10.54,211.69,209.28,209.28,209.28
11.551,10.55,213.99,209.48,209.48,209.48
11.561,10.56,217.06,209.68,209.68,209.68
11.571,10.57,213.99,209.88,209.88,209.88
11.581,10.58,213.99,210.08,210.08,210.08
11.591,10.59,210.92,210.28,210.27,210.28
11.601,10.6,218.59,210.47,210.47,210.47
11.611,10.61,213.99,210.67,210.67,210.67
11.621,10.62,204.02,210.87,210.87,210.87
11.631,10.63,217.83,211.07,211.07,211.07
11.641,10.64,220.13,211.27,211.27,211.27
11.651,10.65,207.85,211.47,211.47,211.47
11.661,10.66,213.22,211.67,211.67,211.67
11.671,10.67,217.06,211.87,211.87,211.87
11.681,10.68,230.1,212.07,212.07,212.07
11.691,10.69,217.06,212.27,212.26,212.27
11.701,10.7,217.06,212.46,212.46,212.46
11.711,10.71,226.26,212.66,212.66,212.66
11.721,10.72,221.66,212.86,212.86,212.86
11.731,10.73,220.89,213.06,213.06,213.06
11.741,10.74,213.22,213.26,213.26,213.26
11.751,10.75,214.76,213.46,213.46,213.46
11.761,10.76,217.83,213.66,213.66,213.66
11.771,10.77,223.19,213.86,213.86,213.86
11.781,10.78,219.36,214.06,214.06,214.06
11.791,10.79,219.36,214.26,214.25,214.26
11.801,10.8,216.29,214.45,214.45,214.45
11.811,10.81,220.13,214.65,214.65,214.65
11.821,10.82,217.06,214.85,214.85,214.85
11.831,10.83,222.43,215.05,215.05,215.05
11.841,10.84,219.36,215.25,215.25,215.25
11.851,10.85,215.52,215.45,215.45,215.45
11.861,10.86,220.89,215.65,215.65,215.65
11.871,10.87,225.5,215.85,215.85,215.85
11.881,10.88,229.33,216.05,216.05,216.05
11.891,10.89,220.13,216.24,216.24,216.25
11.901,10.9,220.13,216.44,216.44,216.44
11.911,10.91,219.36,216.64,216.64,216.64
11.921,10.92,221.66,216.84,216.84,216.84
11.931,10.93,226.26,217.04,217.04,217.04
11.941,10.94,224.73,217.24,217.24,217.24
11.951,10.95,219.36,217.44,217.44,217.44
11.961,10.96,218.59,217.64,217.64,217.64
11.971,10.97,221.66,217.84,217.84,217.84
11.981,10.98,226.26,218.04,218.03,218.04
11.991,10.99,227.8,218.23,218.23,218.24
12.001,11,228.56,218.43,218.43,218.43
12.011,11.01,226.26,218.63,218.63,218.63
12.021,11.02,213.22,218.83,218.83,218.83
12.031,11.03,220.13,219.03,219.03,219.03
12.041,11.04,222.43,219.23,219.23,219.23
12.051,11.05,234.7,219.43,219.43,219.43
12.061,11.06,227.8,219.63,219.63,219.63
12.071,11.07,228.56,219.83,219.83,219.83
12.081,11.08,229.33,220.03,220.02,220.03
12.091,11.09,226.26,220.22,220.22,220.22
12.101,11.1,186.38,220.42,220.42,220.42
12.111,11.11,225.5,220.62,220.62,220.62
12.121,11.12,225.5,220.82,220.82,220.82
12.131,11.13,216.29,221.02,221.02,221.02
12.141,11.14,225.5,221.22,221.22,221.22
12.151,11.15,228.56,221.42,221.42,221.42
12.161,11.16,250.04,221.62,221.62,221.62
12.171,11.17,230.1,221.82,221.82,221.82
12.181,11.18,231.63,222.02,222.01,222.02
12.191,11.19,227.03,222.21,222.21,222.21
12.201,11.2,227.03,222.41,222.41,222.41
12.211,11.21,222.43,222.61,222.61,222.61
12.221,11.22,223.96,222.81,222.81,222.81
12.231,11.23,225.5,223.01,223.01,223.01
12.241,11.24,225.5,223.21,223.21,223.21
12.251,11.25,228.56,223.41,223.41,223.41
12.261,11.26,230.86,223.61,223.61,223.61
12.271,11.27,254.64,223.81,223.81,223.81
12.281,11.28,231.63,224.01,224,224.01
12.291,11.29,233.17,224.2,224.2,224.2
12.301,11.3,232.4,224.4,224.4,224.4
12.311,11.31,231.63,224.6,224.6,224.6
12.321,11.32,233.17,224.8,224.8,224.8
12.331,11.33,230.86,225,225,225
12.341,11.34,230.1,225.2,225.2,225.2
12.351,11.35,223.96,225.4,225.4,225.4
12.361,11.36,230.1,225.6,225.6,225.6
12.371,11.37,232.4,225.8,225.79,225.8
12.381,11.38,223.96,225.99,225.99,226
12.391,11.39,229.33,226.19,226.19,226.19
12.401,11.4,229.33,226.39,226.39,226.39
12.411,11.41,230.1,226.59,226.59,226.59
12.421,11.42,230.86,226.79,226.79,226.79
12.431,11.43,229.33,226.99,226.99,226.99
12.441,11.44,233.17,227.19,227.19,227.19
12.451,11.45,232.4,227.39,227.39,227.39
12.461,11.46,238.53,227.59,227.59,227.59
12.471,11.47,234.7,227.79,227.78,227.79
12.481,11.48,233.17,227.98,227.98,227.99
12.491,11.49,233.93,228.18,228.18,228.18
12.501,11.5,234.7,228.38,228.38,228.38
12.511,11.51,241.6,228.58,228.58,228.58
12.521,11.52,233.93,228.78,228.78,228.78
12.531,11.53,237.77,228.98,228.98,228.98
12.541,11.54,250.04,229.18,229.18,229.18
12.551,11.55,237.77,229.38,229.38,229.38
12.561,11.56,236.23,229.58,229.58,229.58
12.571,11.57,236.23,229.78,229.77,229.78
12.581,11.58,235.47,229.97,229.97,229.97
12.591,11.59,233.93,230.17,230.17,230.17
12.601,11.6,236.23,230.37,230.37,230.37
12.611,11.61,235.47,230.57,230.57,230.57
12.621,11.62,230.86,230.77,230.77,230.77
12.631,11.63,233.17,230.97,230.97,230.97
12.641,11.64,235.47,231.17,231.17,231.17
12.651,11.65,236.23,231.37,231.37,231.37
12.661,11.66,236.23,231.57,231.57,231.57
12.671,11.67,227.8,231.77,231.76,231.77
12.681,11.68,236.23,231.96,231.96,231.96
12.691,11.69,238.53,232.16,232.16,232.16
12.702,11.7,234.7,232.36,232.36,232.36
12.712,11.71,237.77,232.56,232.56,232.56
12.722,11.72,229.33,232.76,232.76,232.76
12.732,11.73,242.37,232.96,232.96,232.96
12.742,11.74,241.6,233.16,233.16,233.16
12.752,11.75,262.31,233.36,233.36,233.36
12.762,11.76,241.6,233.56,233.55,233.56
12.772,11.77,240.83,233.75,233.75,233.76
12.782,11.78,243.14,233.95,233.95,233.95
12.792,11.79,240.07,234.15,234.15,234.15
12.802,11.8,231.63,234.35,234.35,234.35
12.812,11.81,239.3,234.55,234.55,234.55
12.822,11.82,238.53,234.75,234.75,234.75
12.832,11.83,237,234.95,234.95,234.95
12.842,11.84,240.07,235.15,235.15,235.15
12.852,11.85,245.44,235.35,235.35,235.35
12.862,11.86,243.14,235.55,235.54,235.55
12.872,11.87,245.44,235.74,235.74,235.75
12.882,11.88,265.38,235.94,235.94,235.94
12.892,11.89,245.44,236.14,236.14,236.14
12.902,11.9,242.37,236.34,236.34,236.34
12.912,11.91,241.6,236.54,236.54,236.54
12.922,11.92,243.14,236.74,236.74,236.74
12.932,11.93,233.17,236.94,236.94,236.94
12.942,11.94,243.14,237.14,237.14,237.14
12.952,11.95,247.74,237.34,237.34,237.34
12.962,11.96,249.27,237.54,237.53,237.54
12.972,11.97,248.5,237.73,237.73,237.73
12.982,11.98,250.04,237.93,237.93,237.93
12.992,11.99,242.37,238.13,238.13,238.13
13.002,12,242.37,238.33,238.33,238.33
13.012,12,240.07,238.49,238.48,238.48
13.022,12,247.74,238.57,238.56,238.57
13.032,12,250.81,238.62,238.61,238.62
13.042,12,251.57,238.64,238.64,238.64
13.052,12,247.74,238.66,238.65,238.66
13.062,12,246.2,238.67,238.66,238.67
13.072,12,246.2,238.67,238.67,238.67
13.082,12,248.5,238.67,238.67,238.67
13.092,12,253.11,238.67,238.67,238.67
13.102,12,252.34,238.67,238.67,238.67
13.112,12,258.48,238.67,238.67,238.67
13.122,12,245.44,238.67,238.67,238.68
13.132,12,248.5,238.67,238.67,238.68
13.142,12,248.5,238.67,238.67,238.68
13.152,12,253.87,238.67,238.67,238.68
13.162,12,270.75,238.67,238.67,238.68
13.172,12,248.5,238.67,238.67,238.68
13.182,12,248.5,238.67,238.67,238.68
13.192,12,248.5,238.67,238.67,238.68
13.202,12,252.34,238.67,238.67,238.68
13.212,12,273.05,238.67,238.67,238.68
13.222,12,250.04,238.67,238.67,238.68
13.232,12,248.5,238.67,238.67,238.68
13.242,12,246.2,238.67,238.67,238.68
13.252,12,251.57,238.67,238.67,238.68
13.262,12,265.38,238.67,238.67,238.68
13.272,12,249.27,238.67,238.67,238.68
13.282,12,246.97,238.67,238.67,238.68
13.292,12,246.97,238.67,238.67,238.68
13.302,12,246.97,238.67,238.67,238.68
13.312,12,253.11,238.67,238.67,238.68
13.322,12,251.57,238.67,238.67,238.68
13.332,12,247.74,238.67,238.67,238.68
13.342,12,247.74,238.67,238.67,238.68
13.352,12,250.04,238.67,238.67,238.68
13.362,12,241.6,238.67,238.67,238.68
13.372,12,250.04,238.67,238.67,238.68
13.382,12,252.34,238.67,238.67,238.68
13.392,12,250.04,238.67,238.67,238.68
13.402,12,248.5,238.67,238.67,238.68
13.412,12,242.37,238.67,238.67,238.68
13.422,12,250.81,238.67,238.67,238.68
13.432,12,253.11,238.67,238.67,238.68
13.442,12,251.57,238.67,238.67,238.68
13.452,12,246.2,238.67,238.67,238.68
13.462,12,240.83,238.67,238.67,238.68
13.472,12,247.74,238.67,238.67,238.68
13.482,12,253.11,238.67,238.67,238.68
13.492,12,253.11,238.67,238.67,238.68
13.502,12,250.04,238.67,238.67,238.68
13.512,12,242.37,238.67,238.67,238.68
13.522,12,246.97,238.67,238.67,238.68
13.532,12,251.57,238.67,238.67,238.68
13.542,12,252.34,238.67,238.67,238.68
13.552,12,253.11,238.67,238.67,238.68
13.562,12,241.6,238.67,238.67,238.68
13.572,12,246.2,238.67,238.67,238.68
13.582,12,249.27,238.67,238.67,238.68
13.592,12,248.5,238.67,238.67,238.68
13.602,12,252.34,238.67,238.67,238.68
13.612,12,247.74,238.67,238.67,238.68
13.622,12,246.2,238.67,238.67,238.68
13.632,12,246.97,238.67,238.67,238.68
13.642,12,243.9,238.67,238.67,238.68
13.652,12,247.74,238.67,238.67,238.68
13.662,12,250.81,238.67,238.67,238.68
13.672,12,247.74,238.67,238.67,238.68
13.682,12,248.5,238.67,238.67,238.68
13.692,12,241.6,238.67,238.67,238.68
13.702,12,246.97,238.67,238.67,238.68
13.712,12,248.5,238.67,238.67,238.68
13.722,12,252.34,238.67,238.67,238.68
13.732,12,247.74,238.67,238.67,238.68
13.742,12,240.07,238.67,238.67,238.68
13.752,12,248.5,238.67,238.67,238.68
13.762,12,244.67,238.67,238.67,238.68
13.772,12,253.11,238.67,238.67,238.68
13.782,12,250.81,238.67,238.67,238.68
13.792,12,253.11,238.67,238.67,238.68
13.802,12,247.74,238.67,238.67,238.68
13.812,12,253.11,238.67,238.67,238.68
13.822,12,251.57,238.67,238.67,238.68
13.832,12,250.04,238.67,238.67,238.68
13.842,12,263.84,238.67,238.67,238.68
13.852,12,247.74,238.67,238.67,238.68
13.862,12,249.27,238.67,238.67,238.68
13.872,12,249.27,238.67,238.67,238.68
13.882,12,252.34,238.67,238.67,238.68
13.892,12,273.05,238.67,238.67,238.68
13.902,12,247.74,238.67,238.67,238.68
13.912,12,250.81,238.67,238.67,238.68
13.922,12,247.74,238.67,238.67,238.68
13.932,12,253.11,238.67,238.67,238.68
13.942,12,273.82,238.67,238.67,238.68
13.952,12,250.04,238.67,238.67,238.68
13.962,12,246.97,238.67,238.67,238.68
13.972,12,246.97,238.67,238.67,238.68
13.982,12,250.81,238.67,238.67,238.68
13.992,12,258.48,238.67,238.67,238.68
14.002,12,251.57,238.67,238.67,238.68
14.012,12,246.97,238.67,238.67,238.68
14.022,12,247.74,238.67,238.67,238.68
14.032,12,248.5,238.67,238.67,238.68
14.042,12,242.37,238.67,238.67,238.68
14.052,12,251.57,238.67,238.67,238.68
14.062,12,251.57,238.67,238.67,238.68
14.072,12,248.5,238.67,238.67,238.68
14.082,12,248.5,238.67,238.67,238.68
14.092,12,240.83,238.67,238.67,238.68
14.102,12,250.81,238.67,238.67,238.68
14.112,12,251.57,238.67,238.67,238.68
14.122,12,250.81,238.67,238.67,238.68
14.132,12,246.2,238.67,238.67,238.68
14.142,12,243.14,238.67,238.67,238.68
14.152,12,248.5,238.67,238.67,238.68
14.162,12,253.87,238.67,238.67,238.68
14.172,12,252.34,238.67,238.67,238.68
14.182,12,249.27,238.67,238.67,238.68
14.192,12,240.83,238.67,238.67,238.68
14.202,12,246.2,238.67,238.67,238.68
14.212,12,252.34,238.67,238.67,238.68
14.222,12,252.34,238.67,238.67,238.68
14.232,12,248.5,238.67,238.67,238.68
14.242,12,237.77,238.67,238.67,238.68
14.252,12,246.97,238.67,238.67,238.68
14.262,12,250.04,238.67,238.67,238.68
14.272,12,248.5,238.67,238.67,238.68
14.282,12,251.57,238.67,238.67,238.68
14.292,12,244.67,238.67,238.67,238.68
14.302,12,246.97,238.67,238.67,238.68
14.312,12,249.27,238.67,238.67,238.68
14.322,12,244.67,238.67,238.67,238.68
14.332,12,252.34,238.67,238.67,238.68
14.342,12,247.74,238.67,238.67,238.68
14.352,12,248.5,238.67,238.67,238.68
14.362,12,244.67,238.67,238.67,238.68
14.372,12,243.9,238.67,238.67,238.68
14.382,12,249.27,238.67,238.67,238.68
14.392,12,251.57,238.67,238.67,238.68
14.402,12,249.27,238.67,238.67,238.68
14.412,12,246.2,238.67,238.67,238.68
14.422,12,243.14,238.67,238.67,238.68
14.432,12,248.5,238.67,238.67,238.68
14.442,12,250.81,238.67,238.67,238.68
14.452,12,251.57,238.67,238.67,238.68
14.462,12,246.2,238.67,238.67,238.68
14.472,12,247.74,238.67,238.67,238.68
14.482,12,248.5,238.67,238.67,238.68
14.492,12,246.97,238.67,238.67,238.68
14.502,12,251.57,238.67,238.67,238.68
14.512,12,251.57,238.67,238.67,238.68
14.522,12,260.78,238.67,238.67,238.68
14.532,12,246.97,238.67,238.67,238.68
14.542,12,246.97,238.67,238.67,238.68
14.552,12,250.04,238.67,238.67,238.68
14.562,12,252.34,238.67,238.67,238.68
14.572,12,272.28,238.67,238.67,238.68
14.582,12,246.97,238.67,238.67,238.68
14.592,12,247.74,238.67,238.67,238.68
14.602,12,246.97,238.67,238.67,238.68
14.612,12,251.57,238.67,238.67,238.68
14.622,12,275.35,238.67,238.67,238.68
14.632,12,249.27,238.67,238.67,238.68
14.642,12,246.97,238.67,238.67,238.68
14.652,12,248.5,238.67,238.67,238.68
14.662,12,250.04,238.67,238.67,238.68
14.672,12,264.61,238.67,238.67,238.68
14.682,12,250.04,238.67,238.67,238.68
14.692,12,245.44,238.67,238.67,238.68
14.702,12,246.97,238.67,238.67,238.68
14.712,12,248.5,238.67,238.67,238.68
14.722,12,243.9,238.67,238.67,238.68
14.732,12,251.57,238.67,238.67,238.68
14.742,12,249.27,238.67,238.67,238.68
14.752,12,247.74,238.67,238.67,238.68
14.762,12,247.74,238.67,238.67,238.68
14.772,12,239.3,238.67,238.67,238.68
14.782,12,250.81,238.67,238.67,238.68
14.792,12,251.57,238.67,238.67,238.68
14.802,12,249.27,238.67,238.67,238.68
14.812,12,244.67,238.67,238.67,238.68
14.822,12,242.37,238.67,238.67,238.68
14.832,12,248.5,238.67,238.67,238.68
14.842,12,252.34,238.67,238.67,238.68
14.852,12,251.57,238.67,238.67,238.68
14.862,12,247.74,238.67,238.67,238.68
14.872,12,240.83,238.67,238.67,238.68
14.882,12,247.74,238.67,238.67,238.68
14.892,12,252.34,238.67,238.67,238.68
14.902,12,253.11,238.67,238.67,238.68
14.912,12,247.74,238.67,238.67,238.68
14.922,12,242.37,238.67,238.67,238.68
14.932,12,246.2,238.67,238.67,238.68
14.942,12,250.04,238.67,238.67,238.68
14.952,12,248.5,238.67,238.67,238.68
14.962,12,250.81,238.67,238.67,238.68
14.972,12,242.37,238.67,238.67,238.68
14.982,12,246.97,238.67,238.67,238.68
14.992,12,249.27,238.67,238.67,238.68
15.002,12,246.2,238.67,238.67,238.68
15.012,12,248.5,238.67,238.67,238.68
15.022,12,269.21,238.67,238.67,238.68
15.032,12,249.27,238.67,238.67,238.68
15.042,12,246.2,238.67,238.67,238.68
15.052,12,242.37,238.67,238.67,238.68
15.062,12,248.5,238.67,238.67,238.68
15.072,12,253.11,238.67,238.67,238.68
15.082,12,250.81,238.67,238.67,238.68
15.092,12,247.74,238.67,238.67,238.68
15.102,12,243.14,238.67,238.67,238.68
15.112,12,247.74,238.67,238.67,238.68
15.122,12,250.81,238.67,238.67,238.68
15.132,12,251.57,238.67,238.67,238.68
15.142,12,251.57,238.67,238.67,238.68
15.152,12,244.67,238.67,238.67,238.68
15.162,12,246.97,238.67,238.67,238.68
15.173,12,252.34,238.67,238.67,238.68
15.183,12,251.57,238.67,238.67,238.68
15.193,12,252.34,238.67,238.67,238.68
15.203,12,260.78,238.67,238.67,238.68
15.213,12,247.74,238.67,238.67,238.68
15.223,12,250.81,238.67,238.67,238.68
15.233,12,249.27,238.67,238.67,238.68
15.243,12,251.57,238.67,238.67,238.68
15.253,12,273.05,238.67,238.67,238.68
15.263,12,247.74,238.67,238.67,238.68
15.273,12,248.5,238.67,238.67,238.68
15.283,12,245.44,238.67,238.67,238.68
15.293,12,252.34,238.67,238.67,238.68
15.303,12,272.28,238.67,238.67,238.68
15.313,12,248.5,238.67,238.67,238.68
15.323,12,246.2,238.67,238.67,238.68
15.333,12,246.2,238.67,238.67,238.68
15.343,12,250.04,238.67,238.67,238.68
15.353,12,258.48,238.67,238.67,238.68
15.363,12,249.27,238.67,238.67,238.68
15.373,12,247.74,238.67,238.67,238.68
15.383,12,247.74,238.67,238.67,238.68
15.393,12,249.27,238.67,238.67,238.68
15.403,12,246.97,238.67,238.67,238.68
15.413,12,252.34,238.67,238.67,238.68
15.423,12,250.04,238.67,238.67,238.68
15.433,12,248.5,238.67,238.67,238.68
15.443,12,246.97,238.67,238.67,238.68
15.453,12,241.6,238.67,238.67,238.68
15.463,12,250.04,238.67,238.67,238.68
15.473,12,253.11,238.67,238.67,238.68
15.483,12,250.04,238.67,238.67,238.68
15.493,12,247.74,238.67,238.67,238.68
15.503,12,241.6,238.67,238.67,238.68
15.513,12,248.5,238.67,238.67,238.68
15.523,12,252.34,238.67,238.67,238.68
15.533,12,252.34,238.67,238.67,238.68
15.543,12,244.67,238.67,238.67,238.68
15.553,12,241.6,238.67,238.67,238.68
15.563,12,246.2,238.67,238.67,238.68
15.573,12,252.34,238.67,238.67,238.68
15.583,12,252.34,238.67,238.67,238.68
15.593,12,249.27,238.67,238.67,238.68
15.603,12,246.97,238.67,238.67,238.68
15.613,12,246.2,238.67,238.67,238.68
15.623,12,248.5,238.67,238.67,238.68
15.633,12,248.5,238.67,238.67,238.68
15.643,12,253.11,238.67,238.67,238.68
15.653,12,246.97,238.67,238.67,238.68
15.663,12,246.2,238.67,238.67,238.68
15.673,12,246.2,238.67,238.67,238.68
15.683,12,244.67,238.67,238.67,238.68
15.693,12,250.81,238.67,238.67,238.68
15.703,12,250.04,238.67,238.67,238.68
15.713,12,248.5,238.67,238.67,238.68
15.723,12,248.5,238.67,238.67,238.68
15.733,12,241.6,238.67,238.67,238.68
15.743,12,248.5,238.67,238.67,238.68
15.753,12,246.2,238.67,238.67,238.68
15.763,12,249.27,238.67,238.67,238.68
15.773,12,246.2,238.67,238.67,238.68
15.783,12,241.6,238.67,238.67,238.68
15.793,12,246.97,238.67,238.67,238.68
15.803,12,252.34,238.67,238.67,238.68
15.813,12,253.87,238.67,238.67,238.68
15.823,12,253.11,238.67,238.67,238.68
15.833,12,246.97,238.67,238.67,238.68
15.843,12,244.67,238.67,238.67,238.68
15.853,12,251.57,238.67,238.67,238.68
15.863,12,251.57,238.67,238.67,238.68
15.873,12,253.11,238.67,238.67,238.68
15.883,12,265.38,238.67,238.67,238.68
15.893,12,247.74,238.67,238.67,238.68
15.903,12,249.27,238.67,238.67,238.68
15.913,12,248.5,238.67,238.67,238.68
15.923,12,253.11,238.67,238.67,238.68
15.933,12,275.35,238.67,238.67,238.68
15.943,12,249.27,238.67,238.67,238.68
15.953,12,247.74,238.67,238.67,238.68
15.963,12,246.97,238.67,238.67,238.68
15.973,12,253.11,238.67,238.67,238.68
15.983,12,266.91,238.67,238.67,238.68
15.993,12,250.04,238.67,238.67,238.68
16.003,12,246.97,238.67,238.67,238.68
16.013,12,244.67,238.67,238.67,238.68
16.023,12,246.2,238.67,238.67,238.68
16.033,12,251.57,238.67,238.67,238.68
16.043,12,251.57,238.67,238.67,238.68
16.053,12,246.97,238.67,238.67,238.68
16.063,12,246.2,238.67,238.67,238.68
16.073,12,247.74,238.67,238.67,238.68
16.083,12,240.07,238.67,238.67,238.68
16.093,12,252.34,238.67,238.67,238.68
16.103,12,250.04,238.67,238.67,238.68
16.113,12,247.74,238.67,238.67,238.68
16.123,12,244.67,238.67,238.67,238.68
16.133,12,243.14,238.67,238.67,238.68
16.143,12,250.04,238.67,238.67,238.68
16.153,12,252.34,238.67,238.67,238.68
16.163,12,252.34,238.67,238.67,238.68
16.173,12,247.74,238.67,238.67,238.68
16.183,12,240.83,238.67,238.67,238.68
16.193,12,246.2,238.67,238.67,238.68
16.203,12,252.34,238.67,238.67,238.68
16.213,12,253.11,238.67,238.67,238.68
16.223,12,251.57,238.67,238.67,238.68
16.233,12,237,238.67,238.67,238.68
16.243,12,245.44,238.67,238.67,238.68
16.253,12,249.27,238.67,238.67,238.68
16.263,12,249.27,238.67,238.67,238.68
16.273,12,249.27,238.67,238.67,238.68
16.283,12,253.11,238.67,238.67,238.68
16.293,12,246.2,238.67,238.67,238.68
16.303,12,247.74,238.67,238.67,238.68
16.313,12,245.44,238.67,238.67,238.68
16.323,12,250.04,238.67,238.67,238.68
16.333,12,250.04,238.67,238.67,238.68
16.343,12,248.5,238.67,238.67,238.68
16.353,12,248.5,238.67,238.67,238.68
16.363,12,241.6,238.67,238.67,238.68
16.373,12,248.5,238.67,238.67,238.68
16.383,12,249.27,238.67,238.67,238.68
16.393,12,250.81,238.67,238.67,238.68
16.403,12,250.04,238.67,238.67,238.68
16.413,12,241.6,238.67,238.67,238.68
16.423,12,247.74,238.67,238.67,238.68
16.433,12,233.93,238.67,238.67,238.68
16.443,12,252.34,238.67,238.67,238.68
16.453,12,252.34,238.67,238.67,238.68
16.463,12,249.27,238.67,238.67,238.68
16.473,12,246.97,238.67,238.67,238.68
16.483,12,218.59,238.67,238.67,238.68
16.493,12,251.57,238.67,238.67,238.68
16.503,12,250.04,238.67,238.67,238.68
16.513,12,263.84,238.67,238.67,238.68
16.523,12,245.44,238.67,238.67,238.68
16.533,12,247.74,238.67,238.67,238.68
16.543,12,249.27,238.67,238.67,238.68
16.553,12,249.27,238.67,238.67,238.68
16.563,12,273.82,238.67,238.67,238.68
16.573,12,247.74,238.67,238.67,238.68
16.583,12,244.67,238.67,238.67,238.68
16.593,12,246.97,238.67,238.67,238.68
16.603,12,250.04,238.67,238.67,238.68
16.612,12,269.98,238.67,238.67,238.68
16.622,12,248.5,238.67,238.67,238.68
16.632,12,245.44,238.67,238.67,238.68
16.642,12,248.5,238.67,238.67,238.68
16.652,12,248.5,238.67,238.67,238.68
16.662,12,252.34,238.67,238.67,238.68
16.672,12,253.11,238.67,238.67,238.68
16.682,12,246.97,238.67,238.67,238.68
16.692,12,245.44,238.67,238.67,238.68
16.702,12,245.44,238.67,238.67,238.68
16.712,12,242.37,238.67,238.67,238.68
16.722,12,250.81,238.67,238.67,238.68
16.732,12,251.57,238.67,238.67,238.68
16.742,12,248.5,238.67,238.67,238.68
16.752,12,246.2,238.67,238.67,238.68
16.762,12,241.6,238.67,238.67,238.68
16.772,12,248.5,238.67,238.67,238.68
16.782,12,250.81,238.67,238.67,238.68
16.792,12,250.81,238.67,238.67,238.68
16.802,12,249.27,238.67,238.67,238.68
16.812,12,241.6,238.67,238.67,238.68
16.822,12,245.44,238.67,238.67,238.68
16.832,12,250.04,238.67,238.67,238.68
16.842,12,252.34,238.67,238.67,238.68
16.852,12,250.81,238.67,238.67,238.68
16.862,12,237.77,238.67,238.67,238.68
16.872,12,245.44,238.67,238.67,238.68
16.882,12,246.2,238.67,238.67,238.68
16.892,12,246.97,238.67,238.67,238.68
16.902,12,248.5,238.67,238.67,238.68
16.912,12,246.97,238.67,238.67,238.68
16.922,12,246.97,238.67,238.67,238.68
16.932,12,246.2,238.67,238.67,238.68
16.942,12,243.9,238.67,238.67,238.68
16.952,12,250.81,238.67,238.67,238.68
16.962,12,250.81,238.67,238.67,238.68
16.972,12,249.27,238.67,238.67,238.68
16.982,12,247.74,238.67,238.67,238.68
16.992,12,241.6,238.67,238.67,238.68
17.002,12,248.5,238.67,238.67,238.68
17.012,12,252.34,238.67,238.67,238.68
17.022,12,251.57,238.67,238.67,238.68
17.032,12,250.04,238.67,238.67,238.68
17.042,12,245.44,238.67,238.67,238.68
17.052,12,246.2,238.67,238.67,238.68
17.062,12,251.57,238.67,238.67,238.68
17.072,12,252.34,238.67,238.67,238.68
17.082,12,249.27,238.67,238.67,238.68
17.092,12,257.71,238.67,238.67,238.68
17.102,12,245.44,238.67,238.67,238.68
17.112,12,248.5,238.67,238.67,238.68
17.122,12,248.5,238.67,238.67,238.68
17.132,12,253.11,238.67,238.67,238.68
17.142,12,271.51,238.67,238.67,238.68
17.152,12,247.74,238.67,238.67,238.68
17.162,12,250.04,238.67,238.67,238.68
17.172,12,246.97,238.67,238.67,238.68
17.182,12,252.34,238.67,238.67,238.68
17.192,12,270.75,238.67,238.67,238.68
17.202,12,250.04,238.67,238.67,238.68
17.212,12,246.2,238.67,238.67,238.68
17.222,12,246.2,238.67,238.67,238.68
17.232,12,250.04,238.67,238.67,238.68
17.242,12,254.64,238.67,238.67,238.68
17.252,12,250.81,238.67,238.67,238.68
17.262,12,246.97,238.67,238.67,238.68
17.272,12,247.74,238.67,238.67,238.68
17.282,12,248.5,238.67,238.67,238.68
17.292,12,238.53,238.67,238.67,238.68
17.302,12,250.81,238.67,238.67,238.68
17.312,12,250.04,238.67,238.67,238.68
17.322,12,248.5,238.67,238.67,238.68
17.332,12,243.14,238.67,238.67,238.68
17.342,12,241.6,238.67,238.67,238.68
17.352,12,250.04,238.67,238.67,238.68
17.362,12,252.34,238.67,238.67,238.68
17.372,12,250.81,238.67,238.67,238.68
17.382,12,243.9,238.67,238.67,238.68
17.392,12,242.37,238.67,238.67,238.68
17.402,12,246.97,238.67,238.67,238.68
17.412,12,252.34,238.67,238.67,238.68
17.422,12,252.34,238.67,238.67,238.68
17.432,12,247.74,238.67,238.67,238.68
17.442,12,243.14,238.67,238.67,238.68
17.452,12,245.44,238.67,238.67,238.68
17.462,12,250.81,238.67,238.67,238.68
17.472,12,250.81,238.67,238.67,238.68
17.482,12,253.87,238.67,238.67,238.68
17.492,12,241.6,238.67,238.67,238.68
17.502,12,246.2,238.67,238.67,238.68
17.512,12,247.74,238.67,238.67,238.68
17.522,12,246.2,238.67,238.67,238.68
17.532,12,250.81,238.67,238.67,238.68
17.542,12,254.64,238.67,238.67,238.68
17.552,12,247.74,238.67,238.67,238.68
17.562,12,247.74,238.67,238.67,238.68
17.572,12,243.14,238.67,238.67,238.68
17.582,12,247.74,238.67,238.67,238.68
17.592,12,246.97,238.67,238.67,238.68
17.602,12,250.04,238.67,238.67,238.68
17.612,12,246.2,238.67,238.67,238.68
17.622,12,240.83,238.67,238.67,238.68
17.632,12,245.44,238.67,238.67,238.68
17.642,12,250.81,238.67,238.67,238.68
17.652,12,253.11,238.67,238.67,238.68
17.662,12,251.57,238.67,238.67,238.68
17.672,12,246.97,238.67,238.67,238.68
17.682,12,246.2,238.67,238.67,238.68
17.692,12,240.07,238.67,238.67,238.68
17.702,12,250.81,238.67,238.67,238.68
17.712,12,253.87,238.67,238.67,238.68
17.722,12,268.45,238.67,238.67,238.68
17.732,12,247.74,238.67,238.67,238.68
17.742,12,250.81,238.67,238.67,238.68
17.752,12,246.97,238.67,238.67,238.68
17.762,12,251.57,238.67,238.67,238.68
17.772,12,273.82,238.67,238.67,238.68
17.782,12,248.5,238.67,238.67,238.68
17.792,12,246.97,238.67,238.67,238.68
17.802,12,244.67,238.67,238.67,238.68
17.812,12,252.34,238.67,238.67,238.68
17.822,12,261.54,238.67,238.67,238.68
17.832,12,250.04,238.67,238.67,238.68
17.842,12,248.5,238.67,238.67,238.68
17.852,12,247.74,238.67,238.67,238.68
17.862,12,248.5,238.67,238.67,238.68
17.872,12,246.2,238.67,238.67,238.68
17.882,12,250.81,238.67,238.67,238.68
17.892,12,247.74,238.67,238.67,238.68
17.902,12,248.5,238.67,238.67,238.68
17.912,12,245.44,238.67,238.67,238.68
17.922,12,237.77,238.67,238.67,238.68
17.932,12,248.5,238.67,238.67,238.68
17.942,12,254.64,238.67,238.67,238.68
17.952,12,252.34,238.67,238.67,238.68
17.962,12,246.97,238.67,238.67,238.68
17.972,12,243.14,238.67,238.67,238.68
17.982,12,247.74,238.67,238.67,238.68
17.992,12,253.11,238.67,238.67,238.68
18.002,12,253.11,238.67,238.67,238.68
18.012,12,246.97,238.67,238.67,238.68
18.022,12,246.2,238.67,238.67,238.68
18.032,12,245.44,238.67,238.67,238.68
18.042,12,252.34,238.67,238.67,238.68
18.052,12,252.34,238.67,238.67,238.68
18.062,12,247.74,238.67,238.67,238.68
18.072,12,252.34,238.67,238.67,238.68
18.082,12,246.2,238.67,238.67,238.68
18.092,12,248.5,238.67,238.67,238.68
18.102,12,247.74,238.67,238.67,238.68
18.112,12,250.04,238.67,238.67,238.68
18.122,12,248.5,238.67,238.67,238.68
18.132,12,246.97,238.67,238.67,238.68
18.142,12,248.5,238.67,238.67,238.68
18.152,12,243.14,238.67,238.67,238.68
18.162,12,250.04,238.67,238.67,238.68
18.172,12,247.74,238.67,238.67,238.68
18.182,12,250.04,238.67,238.67,238.68
18.192,12,247.74,238.67,238.67,238.68
18.202,12,240.07,238.67,238.67,238.68
18.212,12,246.2,238.67,238.67,238.68
18.222,12,250.81,238.67,238.67,238.68
18.232,12,252.34,238.67,238.67,238.68
18.242,12,248.5,238.67,238.67,238.68
18.252,12,247.74,238.67,238.67,238.68
18.262,12,247.74,238.67,238.67,238.68
18.272,12,253.11,238.67,238.67,238.68
18.282,12,251.57,238.67,238.67,238.68
18.292,12,253.11,238.67,238.67,238.68
18.302,12,264.61,238.67,238.67,238.68
18.312,12,246.97,238.67,238.67,238.68
18.322,12,252.34,238.67,238.67,238.68
18.332,12,248.5,238.67,238.67,238.68
18.342,12,250.81,238.67,238.67,238.68
18.352,12,273.05,238.67,238.67,238.68
18.362,12,248.5,238.67,238.67,238.68
18.372,12,248.5,238.67,238.67,238.68
18.382,12,246.2,238.67,238.67,238.68
18.392,12,252.34,238.67,238.67,238.68
18.402,12,263.84,238.67,238.67,238.68
18.412,12,250.04,238.67,238.67,238.68
18.422,12,247.74,238.67,238.67,238.68
18.431,12,244.67,238.67,238.67,238.68
18.441,12,246.2,238.67,238.67,238.68
18.451,12,244.67,238.67,238.67,238.68
18.461,12,250.81,238.67,238.67,238.68
18.471,12,247.74,238.67,238.67,238.68
18.481,12,246.97,238.67,238.67,238.68
18.491,12,247.74,238.67,238.67,238.68
18.501,12,239.3,238.67,238.67,238.68
18.511,12,250.81,238.67,238.67,238.68
18.521,12,252.34,238.67,238.67,238.68
18.531,12,250.04,238.67,238.67,238.68
18.541,12,246.97,238.67,238.67,238.68
18.551,12,242.37,238.67,238.67,238.68
18.561,12,246.97,238.67,238.67,238.68
18.571,12,253.11,238.67,238.67,238.68
18.581,12,253.11,238.67,238.67,238.68
18.591,12,250.81,238.67,238.67,238.68
18.601,12,237,238.67,238.67,238.68
18.611,12,245.44,238.67,238.67,238.68
18.621,12,250.81,238.67,238.67,238.68
18.631,12,250.04,238.67,238.67,238.68
18.641,12,249.27,238.67,238.67,238.68
18.651,12,250.81,238.67,238.67,238.68
18.661,12,246.2,238.67,238.67,238.68
18.671,12,249.27,238.67,238.67,238.68
18.681,12,244.67,238.67,238.67,238.68
18.691,12,249.27,238.67,238.67,238.68
18.701,12,257.71,238.67,238.67,238.68
18.711,12,248.5,238.67,238.67,238.68
18.721,12,248.5,238.67,238.67,238.68
18.731,12,241.6,238.67,238.67,238.68
18.741,12,247.74,238.67,238.67,238.68
18.751,12,251.57,238.67,238.67,238.68
18.761,12,251.57,238.67,238.67,238.68
18.771,12,250.04,238.67,238.67,238.68
18.781,12,240.83,238.67,238.67,238.68
18.791,12,246.97,238.67,238.67,238.68
18.801,12,247.74,238.67,238.67,238.68
18.811,12,253.11,238.67,238.67,238.68
18.821,12,251.57,238.67,238.67,238.68
18.831,12,245.44,238.67,238.67,238.68
18.841,12,245.44,238.67,238.67,238.68
18.851,12,251.57,238.67,238.67,238.68
18.861,12,251.57,238.67,238.67,238.68
18.871,12,251.57,238.67,238.67,238.68
18.881,12,267.68,238.67,238.67,238.68
18.891,12,247.74,238.67,238.67,238.68
18.901,12,250.81,238.67,238.67,238.68
18.911,12,247.74,238.67,238.67,238.68
18.921,12,249.27,238.67,238.67,238.68
18.931,12,276.12,238.67,238.67,238.68
18.941,12,250.04,238.67,238.67,238.68
18.951,12,250.81,238.67,238.67,238.68
18.961,12,245.44,238.67,238.67,238.68
18.971,12,250.81,238.67,238.67,238.68
18.981,12,260.01,238.67,238.67,238.68
18.991,12,249.27,238.67,238.67,238.68
19.001,12,245.44,238.67,238.67,238.68
19.011,12,244.67,238.67,238.67,238.68
19.021,12,245.44,238.67,238.67,238.68
19.031,12,245.44,238.67,238.67,238.68
19.041,12,250.81,238.67,238.67,238.68
19.051,12,247.74,238.67,238.67,238.68
19.061,12,247.74,238.67,238.67,238.68
19.071,12,245.44,238.67,238.67,238.68
19.081,12,239.3,238.67,238.67,238.68
19.091,12,249.27,238.67,238.67,238.68
19.101,12,252.34,238.67,238.67,238.68
19.111,12,250.81,238.67,238.67,238.68
19.121,12,247.74,238.67,238.67,238.68
19.131,12,241.6,238.67,238.67,238.68
19.141,12,246.2,238.67,238.67,238.68
19.151,12,252.34,238.67,238.67,238.68
19.161,12,252.34,238.67,238.67,238.68
19.171,12,250.81,238.67,238.67,238.68
19.181,12,244.67,238.67,238.67,238.68
19.191,12,244.67,238.67,238.67,238.68
19.201,12,248.5,238.67,238.67,238.68
19.211,12,249.27,238.67,238.67,238.68
19.221,12,250.81,238.67,238.67,238.68
19.231,12,241.6,238.67,238.67,238.68
19.241,12,246.2,238.67,238.67,238.68
19.251,12,246.97,238.67,238.67,238.68
19.261,12,246.2,238.67,238.67,238.68
19.271,12,249.27,238.67,238.67,238.68
19.281,12,249.27,238.67,238.67,238.68
19.291,12,247.74,238.67,238.67,238.68
19.301,12,246.2,238.67,238.67,238.68
19.311,12,242.37,238.67,238.67,238.68
19.321,12,249.27,238.67,238.67,238.68
19.331,12,246.2,238.67,238.67,238.68
19.341,12,250.04,238.67,238.67,238.68
19.351,12,247.74,238.67,238.67,238.68
19.361,12,240.07,238.67,238.67,238.68
19.371,12,247.74,238.67,238.67,238.68
19.381,12,245.44,238.67,238.67,238.68
19.391,12,253.87,238.67,238.67,238.68
19.401,12,250.81,238.67,238.67,238.68
19.411,12,245.44,238.67,238.67,238.68
19.421,12,246.2,238.67,238.67,238.68
19.431,12,240.83,238.67,238.67,238.68
19.441,12,251.57,238.67,238.67,238.68
19.451,12,253.11,238.67,238.67,238.68
19.461,12,263.84,238.67,238.67,238.68
19.471,12,247.74,238.67,238.67,238.68
19.481,12,248.5,238.67,238.67,238.68
19.491,12,248.5,238.67,238.67,238.68
19.501,12,253.11,238.67,238.67,238.68
19.511,12,274.58,238.67,238.67,238.68
19.521,12,248.5,238.67,238.67,238.68
19.531,12,246.97,238.67,238.67,238.68
19.541,12,245.44,238.67,238.67,238.68
19.551,12,250.04,238.67,238.67,238.68
19.561,12,264.61,238.67,238.67,238.68
19.571,12,250.04,238.67,238.67,238.68
19.581,12,246.97,238.67,238.67,238.68
19.591,12,244.67,238.67,238.67,238.68
19.601,12,247.74,238.67,238.67,238.68
19.611,12,246.97,238.67,238.67,238.68
19.621,12,251.57,238.67,238.67,238.68
19.631,12,248.5,238.67,238.67,238.68
19.641,12,246.2,238.67,238.67,238.68
19.651,12,249.27,238.67,238.67,238.68
19.661,12,239.3,238.67,238.67,238.68
19.671,12,250.04,238.67,238.67,238.68
19.681,12,251.57,238.67,238.67,238.68
19.691,12,249.27,238.67,238.67,238.68
19.701,12,247.74,238.67,238.67,238.68
19.711,12,244.67,238.67,238.67,238.68
19.721,12,247.74,238.67,238.67,238.68
19.731,12,251.57,238.67,238.67,238.68
19.741,12,253.11,238.67,238.67,238.68
19.751,12,248.5,238.67,238.67,238.68
19.761,12,243.14,238.67,238.67,238.68
19.771,12,244.67,238.67,238.67,238.68
19.781,12,250.04,238.67,238.67,238.68
19.791,12,252.34,238.67,238.67,238.68
19.801,12,249.27,238.67,238.67,238.68
19.811,12,249.27,238.67,238.67,238.68
19.821,12,245.44,238.67,238.67,238.68
19.831,12,244.67,238.67,238.67,238.68
19.841,12,246.97,238.67,238.67,238.68
19.851,12,250.04,238.67,238.67,238.68
19.861,12,246.97,238.67,238.67,238.68
19.871,12,246.97,238.67,238.67,238.68
19.881,12,246.97,238.67,238.67,238.68
19.891,12,242.37,238.67,238.67,238.68
19.901,12,248.5,238.67,238.67,238.68
19.911,12,251.57,238.67,238.67,238.68
19.921,12,249.27,238.67,238.67,238.68
19.931,12,247.74,238.67,238.67,238.68
19.941,12,238.53,238.67,238.67,238.68
19.951,12,245.44,238.67,238.67,238.68
19.961,12,251.57,238.67,238.67,238.68
19.971,12,252.34,238.67,238.67,238.68
19.981,12,253.11,238.67,238.67,238.68
19.991,12,246.97,238.67,238.67,238.68
